cod_ibge,municipio,ano,nascimentos
2300101,Abaiara - CE,2014,125
2300101,Abaiara - CE,2015,132
2300101,Abaiara - CE,2016,105
2300101,Abaiara - CE,2017,117
2300101,Abaiara - CE,2018,144
2300101,Abaiara - CE,2019,137
2300150,Acarape - CE,2014,243
2300150,Acarape - CE,2015,234
2300150,Acarape - CE,2016,220
2300150,Acarape - CE,2017,204
2300150,Acarape - CE,2018,211
2300150,Acarape - CE,2019,239
2300200,Acaraú - CE,2014,947
2300200,Acaraú - CE,2015,1029
2300200,Acaraú - CE,2016,960
2300200,Acaraú - CE,2017,1004
2300200,Acaraú - CE,2018,1026
2300200,Acaraú - CE,2019,1034
2300309,Acopiara - CE,2014,578
2300309,Acopiara - CE,2015,645
2300309,Acopiara - CE,2016,570
2300309,Acopiara - CE,2017,565
2300309,Acopiara - CE,2018,587
2300309,Acopiara - CE,2019,620
2300408,Aiuaba - CE,2014,147
2300408,Aiuaba - CE,2015,166
2300408,Aiuaba - CE,2016,178
2300408,Aiuaba - CE,2017,180
2300408,Aiuaba - CE,2018,195
2300408,Aiuaba - CE,2019,170
2300507,Alcântaras - CE,2014,150
2300507,Alcântaras - CE,2015,170
2300507,Alcântaras - CE,2016,152
2300507,Alcântaras - CE,2017,135
2300507,Alcântaras - CE,2018,145
2300507,Alcântaras - CE,2019,155
2300606,Altaneira - CE,2014,92
2300606,Altaneira - CE,2015,48
2300606,Altaneira - CE,2016,107
2300606,Altaneira - CE,2017,124
2300606,Altaneira - CE,2018,124
2300606,Altaneira - CE,2019,132
2300705,Alto Santo - CE,2014,189
2300705,Alto Santo - CE,2015,212
2300705,Alto Santo - CE,2016,213
2300705,Alto Santo - CE,2017,186
2300705,Alto Santo - CE,2018,190
2300705,Alto Santo - CE,2019,179
2300754,Amontada - CE,2014,620
2300754,Amontada - CE,2015,543
2300754,Amontada - CE,2016,582
2300754,Amontada - CE,2017,691
2300754,Amontada - CE,2018,733
2300754,Amontada - CE,2019,663
2300804,Antonina do Norte - CE,2014,99
2300804,Antonina do Norte - CE,2015,75
2300804,Antonina do Norte - CE,2016,90
2300804,Antonina do Norte - CE,2017,94
2300804,Antonina do Norte - CE,2018,98
2300804,Antonina do Norte - CE,2019,105
2300903,Apuiarés - CE,2014,148
2300903,Apuiarés - CE,2015,159
2300903,Apuiarés - CE,2016,139
2300903,Apuiarés - CE,2017,160
2300903,Apuiarés - CE,2018,138
2300903,Apuiarés - CE,2019,180
2301000,Aquiraz - CE,2014,967
2301000,Aquiraz - CE,2015,1138
2301000,Aquiraz - CE,2016,1025
2301000,Aquiraz - CE,2017,1005
2301000,Aquiraz - CE,2018,1130
2301000,Aquiraz - CE,2019,1099
2301109,Aracati - CE,2014,995
2301109,Aracati - CE,2015,1164
2301109,Aracati - CE,2016,1024
2301109,Aracati - CE,2017,1003
2301109,Aracati - CE,2018,985
2301109,Aracati - CE,2019,1015
2301208,Aracoiaba - CE,2014,360
2301208,Aracoiaba - CE,2015,354
2301208,Aracoiaba - CE,2016,298
2301208,Aracoiaba - CE,2017,312
2301208,Aracoiaba - CE,2018,406
2301208,Aracoiaba - CE,2019,347
2301257,Ararendá - CE,2014,136
2301257,Ararendá - CE,2015,103
2301257,Ararendá - CE,2016,116
2301257,Ararendá - CE,2017,129
2301257,Ararendá - CE,2018,161
2301257,Ararendá - CE,2019,152
2301307,Araripe - CE,2014,362
2301307,Araripe - CE,2015,355
2301307,Araripe - CE,2016,354
2301307,Araripe - CE,2017,389
2301307,Araripe - CE,2018,372
2301307,Araripe - CE,2019,355
2301406,Aratuba - CE,2014,108
2301406,Aratuba - CE,2015,96
2301406,Aratuba - CE,2016,108
2301406,Aratuba - CE,2017,174
2301406,Aratuba - CE,2018,183
2301406,Aratuba - CE,2019,180
2301505,Arneiroz - CE,2014,84
2301505,Arneiroz - CE,2015,99
2301505,Arneiroz - CE,2016,69
2301505,Arneiroz - CE,2017,86
2301505,Arneiroz - CE,2018,90
2301505,Arneiroz - CE,2019,117
2301604,Assaré - CE,2014,263
2301604,Assaré - CE,2015,235
2301604,Assaré - CE,2016,242
2301604,Assaré - CE,2017,253
2301604,Assaré - CE,2018,284
2301604,Assaré - CE,2019,291
2301703,Aurora - CE,2014,288
2301703,Aurora - CE,2015,351
2301703,Aurora - CE,2016,307
2301703,Aurora - CE,2017,311
2301703,Aurora - CE,2018,303
2301703,Aurora - CE,2019,300
2301802,Baixio - CE,2014,61
2301802,Baixio - CE,2015,80
2301802,Baixio - CE,2016,52
2301802,Baixio - CE,2017,77
2301802,Baixio - CE,2018,83
2301802,Baixio - CE,2019,67
2301851,Banabuiú - CE,2014,214
2301851,Banabuiú - CE,2015,235
2301851,Banabuiú - CE,2016,261
2301851,Banabuiú - CE,2017,238
2301851,Banabuiú - CE,2018,266
2301851,Banabuiú - CE,2019,240
2301901,Barbalha - CE,2014,1777
2301901,Barbalha - CE,2015,1385
2301901,Barbalha - CE,2016,1376
2301901,Barbalha - CE,2017,1170
2301901,Barbalha - CE,2018,1190
2301901,Barbalha - CE,2019,1240
2301950,Barreira - CE,2014,324
2301950,Barreira - CE,2015,339
2301950,Barreira - CE,2016,310
2301950,Barreira - CE,2017,322
2301950,Barreira - CE,2018,353
2301950,Barreira - CE,2019,356
2302008,Barro - CE,2014,263
2302008,Barro - CE,2015,232
2302008,Barro - CE,2016,219
2302008,Barro - CE,2017,265
2302008,Barro - CE,2018,246
2302008,Barro - CE,2019,231
2302057,Barroquinha - CE,2014,197
2302057,Barroquinha - CE,2015,193
2302057,Barroquinha - CE,2016,231
2302057,Barroquinha - CE,2017,216
2302057,Barroquinha - CE,2018,224
2302057,Barroquinha - CE,2019,224
2302107,Baturité - CE,2014,606
2302107,Baturité - CE,2015,570
2302107,Baturité - CE,2016,516
2302107,Baturité - CE,2017,453
2302107,Baturité - CE,2018,531
2302107,Baturité - CE,2019,522
2302206,Beberibe - CE,2014,607
2302206,Beberibe - CE,2015,613
2302206,Beberibe - CE,2016,650
2302206,Beberibe - CE,2017,576
2302206,Beberibe - CE,2018,630
2302206,Beberibe - CE,2019,648
2302305,Bela Cruz - CE,2014,385
2302305,Bela Cruz - CE,2015,453
2302305,Bela Cruz - CE,2016,401
2302305,Bela Cruz - CE,2017,389
2302305,Bela Cruz - CE,2018,400
2302305,Bela Cruz - CE,2019,408
2302404,Boa Viagem - CE,2014,657
2302404,Boa Viagem - CE,2015,651
2302404,Boa Viagem - CE,2016,596
2302404,Boa Viagem - CE,2017,638
2302404,Boa Viagem - CE,2018,722
2302404,Boa Viagem - CE,2019,571
2302503,Brejo Santo - CE,2014,794
2302503,Brejo Santo - CE,2015,911
2302503,Brejo Santo - CE,2016,764
2302503,Brejo Santo - CE,2017,778
2302503,Brejo Santo - CE,2018,877
2302503,Brejo Santo - CE,2019,833
2302602,Camocim - CE,2014,902
2302602,Camocim - CE,2015,884
2302602,Camocim - CE,2016,908
2302602,Camocim - CE,2017,957
2302602,Camocim - CE,2018,960
2302602,Camocim - CE,2019,984
2302701,Campos Sales - CE,2014,353
2302701,Campos Sales - CE,2015,361
2302701,Campos Sales - CE,2016,349
2302701,Campos Sales - CE,2017,356
2302701,Campos Sales - CE,2018,365
2302701,Campos Sales - CE,2019,420
2302800,Canindé - CE,2014,1199
2302800,Canindé - CE,2015,1211
2302800,Canindé - CE,2016,1096
2302800,Canindé - CE,2017,1159
2302800,Canindé - CE,2018,1102
2302800,Canindé - CE,2019,821
2302909,Capistrano - CE,2014,268
2302909,Capistrano - CE,2015,310
2302909,Capistrano - CE,2016,247
2302909,Capistrano - CE,2017,250
2302909,Capistrano - CE,2018,277
2302909,Capistrano - CE,2019,250
2303006,Caridade - CE,2014,272
2303006,Caridade - CE,2015,263
2303006,Caridade - CE,2016,263
2303006,Caridade - CE,2017,259
2303006,Caridade - CE,2018,263
2303006,Caridade - CE,2019,301
2303105,Cariré - CE,2014,150
2303105,Cariré - CE,2015,222
2303105,Cariré - CE,2016,224
2303105,Cariré - CE,2017,209
2303105,Cariré - CE,2018,225
2303105,Cariré - CE,2019,241
2303204,Caririaçu - CE,2014,375
2303204,Caririaçu - CE,2015,332
2303204,Caririaçu - CE,2016,351
2303204,Caririaçu - CE,2017,414
2303204,Caririaçu - CE,2018,450
2303204,Caririaçu - CE,2019,465
2303303,Cariús - CE,2014,178
2303303,Cariús - CE,2015,204
2303303,Cariús - CE,2016,203
2303303,Cariús - CE,2017,215
2303303,Cariús - CE,2018,196
2303303,Cariús - CE,2019,195
2303402,Carnaubal - CE,2014,229
2303402,Carnaubal - CE,2015,240
2303402,Carnaubal - CE,2016,224
2303402,Carnaubal - CE,2017,269
2303402,Carnaubal - CE,2018,229
2303402,Carnaubal - CE,2019,265
2303501,Cascavel - CE,2014,973
2303501,Cascavel - CE,2015,975
2303501,Cascavel - CE,2016,960
2303501,Cascavel - CE,2017,985
2303501,Cascavel - CE,2018,992
2303501,Cascavel - CE,2019,1027
2303600,Catarina - CE,2014,151
2303600,Catarina - CE,2015,129
2303600,Catarina - CE,2016,129
2303600,Catarina - CE,2017,125
2303600,Catarina - CE,2018,150
2303600,Catarina - CE,2019,134
2303659,Catunda - CE,2014,123
2303659,Catunda - CE,2015,112
2303659,Catunda - CE,2016,100
2303659,Catunda - CE,2017,125
2303659,Catunda - CE,2018,103
2303659,Catunda - CE,2019,109
2303709,Caucaia - CE,2014,3666
2303709,Caucaia - CE,2015,5128
2303709,Caucaia - CE,2016,4761
2303709,Caucaia - CE,2017,5019
2303709,Caucaia - CE,2018,5409
2303709,Caucaia - CE,2019,5236
2303808,Cedro - CE,2014,306
2303808,Cedro - CE,2015,282
2303808,Cedro - CE,2016,265
2303808,Cedro - CE,2017,284
2303808,Cedro - CE,2018,318
2303808,Cedro - CE,2019,318
2303907,Chaval - CE,2014,177
2303907,Chaval - CE,2015,206
2303907,Chaval - CE,2016,199
2303907,Chaval - CE,2017,197
2303907,Chaval - CE,2018,201
2303907,Chaval - CE,2019,214
2303931,Choró - CE,2014,172
2303931,Choró - CE,2015,196
2303931,Choró - CE,2016,193
2303931,Choró - CE,2017,165
2303931,Choró - CE,2018,212
2303931,Choró - CE,2019,146
2303956,Chorozinho - CE,2014,324
2303956,Chorozinho - CE,2015,319
2303956,Chorozinho - CE,2016,261
2303956,Chorozinho - CE,2017,226
2303956,Chorozinho - CE,2018,299
2303956,Chorozinho - CE,2019,316
2304004,Coreaú - CE,2014,294
2304004,Coreaú - CE,2015,334
2304004,Coreaú - CE,2016,323
2304004,Coreaú - CE,2017,303
2304004,Coreaú - CE,2018,335
2304004,Coreaú - CE,2019,300
2304103,Crateús - CE,2014,1024
2304103,Crateús - CE,2015,1133
2304103,Crateús - CE,2016,981
2304103,Crateús - CE,2017,929
2304103,Crateús - CE,2018,1088
2304103,Crateús - CE,2019,1094
2304202,Crato - CE,2014,2214
2304202,Crato - CE,2015,2151
2304202,Crato - CE,2016,2037
2304202,Crato - CE,2017,2067
2304202,Crato - CE,2018,2181
2304202,Crato - CE,2019,2109
2304236,Croatá - CE,2014,223
2304236,Croatá - CE,2015,239
2304236,Croatá - CE,2016,187
2304236,Croatá - CE,2017,186
2304236,Croatá - CE,2018,219
2304236,Croatá - CE,2019,275
2304251,Cruz - CE,2014,329
2304251,Cruz - CE,2015,373
2304251,Cruz - CE,2016,399
2304251,Cruz - CE,2017,401
2304251,Cruz - CE,2018,464
2304251,Cruz - CE,2019,476
2304269,Deputado Irapuan Pinheiro - CE,2014,83
2304269,Deputado Irapuan Pinheiro - CE,2015,88
2304269,Deputado Irapuan Pinheiro - CE,2016,76
2304269,Deputado Irapuan Pinheiro - CE,2017,85
2304269,Deputado Irapuan Pinheiro - CE,2018,98
2304269,Deputado Irapuan Pinheiro - CE,2019,86
2304277,Ereré - CE,2014,91
2304277,Ereré - CE,2015,80
2304277,Ereré - CE,2016,76
2304277,Ereré - CE,2017,68
2304277,Ereré - CE,2018,100
2304277,Ereré - CE,2019,74
2304285,Eusébio - CE,2014,950
2304285,Eusébio - CE,2015,1190
2304285,Eusébio - CE,2016,1207
2304285,Eusébio - CE,2017,1279
2304285,Eusébio - CE,2018,1349
2304285,Eusébio - CE,2019,1332
2304301,Farias Brito - CE,2014,241
2304301,Farias Brito - CE,2015,289
2304301,Farias Brito - CE,2016,206
2304301,Farias Brito - CE,2017,258
2304301,Farias Brito - CE,2018,275
2304301,Farias Brito - CE,2019,259
2304350,Forquilha - CE,2014,320
2304350,Forquilha - CE,2015,331
2304350,Forquilha - CE,2016,311
2304350,Forquilha - CE,2017,315
2304350,Forquilha - CE,2018,327
2304350,Forquilha - CE,2019,323
2304400,Fortaleza - CE,2014,37027
2304400,Fortaleza - CE,2015,38352
2304400,Fortaleza - CE,2016,36268
2304400,Fortaleza - CE,2017,35362
2304400,Fortaleza - CE,2018,34650
2304400,Fortaleza - CE,2019,33524
2304459,Fortim - CE,2014,166
2304459,Fortim - CE,2015,150
2304459,Fortim - CE,2016,181
2304459,Fortim - CE,2017,193
2304459,Fortim - CE,2018,189
2304459,Fortim - CE,2019,216
2304509,Frecheirinha - CE,2014,279
2304509,Frecheirinha - CE,2015,260
2304509,Frecheirinha - CE,2016,230
2304509,Frecheirinha - CE,2017,271
2304509,Frecheirinha - CE,2018,271
2304509,Frecheirinha - CE,2019,266
2304608,General Sampaio - CE,2014,96
2304608,General Sampaio - CE,2015,99
2304608,General Sampaio - CE,2016,104
2304608,General Sampaio - CE,2017,119
2304608,General Sampaio - CE,2018,136
2304608,General Sampaio - CE,2019,127
2304657,Graça - CE,2014,143
2304657,Graça - CE,2015,167
2304657,Graça - CE,2016,192
2304657,Graça - CE,2017,166
2304657,Graça - CE,2018,169
2304657,Graça - CE,2019,181
2304707,Granja - CE,2014,664
2304707,Granja - CE,2015,791
2304707,Granja - CE,2016,748
2304707,Granja - CE,2017,789
2304707,Granja - CE,2018,842
2304707,Granja - CE,2019,771
2304806,Granjeiro - CE,2014,53
2304806,Granjeiro - CE,2015,70
2304806,Granjeiro - CE,2016,71
2304806,Granjeiro - CE,2017,80
2304806,Granjeiro - CE,2018,83
2304806,Granjeiro - CE,2019,79
2304905,Groaíras - CE,2014,143
2304905,Groaíras - CE,2015,129
2304905,Groaíras - CE,2016,124
2304905,Groaíras - CE,2017,129
2304905,Groaíras - CE,2018,129
2304905,Groaíras - CE,2019,158
2304954,Guaiúba - CE,2014,326
2304954,Guaiúba - CE,2015,311
2304954,Guaiúba - CE,2016,359
2304954,Guaiúba - CE,2017,343
2304954,Guaiúba - CE,2018,352
2304954,Guaiúba - CE,2019,353
2305001,Guaraciaba do Norte - CE,2014,649
2305001,Guaraciaba do Norte - CE,2015,638
2305001,Guaraciaba do Norte - CE,2016,638
2305001,Guaraciaba do Norte - CE,2017,675
2305001,Guaraciaba do Norte - CE,2018,614
2305001,Guaraciaba do Norte - CE,2019,713
2305100,Guaramiranga - CE,2014,79
2305100,Guaramiranga - CE,2015,74
2305100,Guaramiranga - CE,2016,72
2305100,Guaramiranga - CE,2017,75
2305100,Guaramiranga - CE,2018,79
2305100,Guaramiranga - CE,2019,71
2305209,Hidrolândia - CE,2014,248
2305209,Hidrolândia - CE,2015,227
2305209,Hidrolândia - CE,2016,222
2305209,Hidrolândia - CE,2017,209
2305209,Hidrolândia - CE,2018,263
2305209,Hidrolândia - CE,2019,239
2305233,Horizonte - CE,2014,1083
2305233,Horizonte - CE,2015,1227
2305233,Horizonte - CE,2016,1168
2305233,Horizonte - CE,2017,1194
2305233,Horizonte - CE,2018,1304
2305233,Horizonte - CE,2019,1204
2305266,Ibaretama - CE,2014,200
2305266,Ibaretama - CE,2015,205
2305266,Ibaretama - CE,2016,204
2305266,Ibaretama - CE,2017,199
2305266,Ibaretama - CE,2018,212
2305266,Ibaretama - CE,2019,195
2305308,Ibiapina - CE,2014,329
2305308,Ibiapina - CE,2015,374
2305308,Ibiapina - CE,2016,349
2305308,Ibiapina - CE,2017,339
2305308,Ibiapina - CE,2018,384
2305308,Ibiapina - CE,2019,363
2305332,Ibicuitinga - CE,2014,157
2305332,Ibicuitinga - CE,2015,180
2305332,Ibicuitinga - CE,2016,152
2305332,Ibicuitinga - CE,2017,171
2305332,Ibicuitinga - CE,2018,156
2305332,Ibicuitinga - CE,2019,152
2305357,Icapuí - CE,2014,263
2305357,Icapuí - CE,2015,203
2305357,Icapuí - CE,2016,238
2305357,Icapuí - CE,2017,248
2305357,Icapuí - CE,2018,236
2305357,Icapuí - CE,2019,244
2305407,Icó - CE,2014,934
2305407,Icó - CE,2015,894
2305407,Icó - CE,2016,858
2305407,Icó - CE,2017,929
2305407,Icó - CE,2018,899
2305407,Icó - CE,2019,900
2305506,Iguatu - CE,2014,1318
2305506,Iguatu - CE,2015,1412
2305506,Iguatu - CE,2016,1242
2305506,Iguatu - CE,2017,1265
2305506,Iguatu - CE,2018,1364
2305506,Iguatu - CE,2019,1285
2305605,Independência - CE,2014,294
2305605,Independência - CE,2015,282
2305605,Independência - CE,2016,267
2305605,Independência - CE,2017,293
2305605,Independência - CE,2018,321
2305605,Independência - CE,2019,273
2305654,Ipaporanga - CE,2014,138
2305654,Ipaporanga - CE,2015,158
2305654,Ipaporanga - CE,2016,140
2305654,Ipaporanga - CE,2017,152
2305654,Ipaporanga - CE,2018,145
2305654,Ipaporanga - CE,2019,147
2305704,Ipaumirim - CE,2014,169
2305704,Ipaumirim - CE,2015,151
2305704,Ipaumirim - CE,2016,134
2305704,Ipaumirim - CE,2017,170
2305704,Ipaumirim - CE,2018,146
2305704,Ipaumirim - CE,2019,157
2305803,Ipu - CE,2014,532
2305803,Ipu - CE,2015,565
2305803,Ipu - CE,2016,547
2305803,Ipu - CE,2017,567
2305803,Ipu - CE,2018,645
2305803,Ipu - CE,2019,629
2305902,Ipueiras - CE,2014,502
2305902,Ipueiras - CE,2015,491
2305902,Ipueiras - CE,2016,466
2305902,Ipueiras - CE,2017,496
2305902,Ipueiras - CE,2018,518
2305902,Ipueiras - CE,2019,475
2306009,Iracema - CE,2014,191
2306009,Iracema - CE,2015,195
2306009,Iracema - CE,2016,200
2306009,Iracema - CE,2017,180
2306009,Iracema - CE,2018,197
2306009,Iracema - CE,2019,211
2306108,Irauçuba - CE,2014,347
2306108,Irauçuba - CE,2015,357
2306108,Irauçuba - CE,2016,348
2306108,Irauçuba - CE,2017,308
2306108,Irauçuba - CE,2018,377
2306108,Irauçuba - CE,2019,368
2306207,Itaiçaba - CE,2014,106
2306207,Itaiçaba - CE,2015,90
2306207,Itaiçaba - CE,2016,91
2306207,Itaiçaba - CE,2017,81
2306207,Itaiçaba - CE,2018,93
2306207,Itaiçaba - CE,2019,99
2306256,Itaitinga - CE,2014,471
2306256,Itaitinga - CE,2015,551
2306256,Itaitinga - CE,2016,629
2306256,Itaitinga - CE,2017,607
2306256,Itaitinga - CE,2018,724
2306256,Itaitinga - CE,2019,691
2306306,Itapajé - CE,2014,759
2306306,Itapajé - CE,2015,739
2306306,Itapajé - CE,2016,640
2306306,Itapajé - CE,2017,678
2306306,Itapajé - CE,2018,687
2306306,Itapajé - CE,2019,759
2306405,Itapipoca - CE,2014,2066
2306405,Itapipoca - CE,2015,2272
2306405,Itapipoca - CE,2016,2016
2306405,Itapipoca - CE,2017,1979
2306405,Itapipoca - CE,2018,2156
2306405,Itapipoca - CE,2019,2233
2306504,Itapiúna - CE,2014,242
2306504,Itapiúna - CE,2015,303
2306504,Itapiúna - CE,2016,262
2306504,Itapiúna - CE,2017,224
2306504,Itapiúna - CE,2018,220
2306504,Itapiúna - CE,2019,219
2306553,Itarema - CE,2014,647
2306553,Itarema - CE,2015,708
2306553,Itarema - CE,2016,644
2306553,Itarema - CE,2017,719
2306553,Itarema - CE,2018,747
2306553,Itarema - CE,2019,708
2306603,Itatira - CE,2014,310
2306603,Itatira - CE,2015,329
2306603,Itatira - CE,2016,268
2306603,Itatira - CE,2017,320
2306603,Itatira - CE,2018,331
2306603,Itatira - CE,2019,311
2306702,Jaguaretama - CE,2014,181
2306702,Jaguaretama - CE,2015,210
2306702,Jaguaretama - CE,2016,192
2306702,Jaguaretama - CE,2017,193
2306702,Jaguaretama - CE,2018,226
2306702,Jaguaretama - CE,2019,211
2306801,Jaguaribara - CE,2014,141
2306801,Jaguaribara - CE,2015,147
2306801,Jaguaribara - CE,2016,136
2306801,Jaguaribara - CE,2017,132
2306801,Jaguaribara - CE,2018,150
2306801,Jaguaribara - CE,2019,158
2306900,Jaguaribe - CE,2014,480
2306900,Jaguaribe - CE,2015,456
2306900,Jaguaribe - CE,2016,425
2306900,Jaguaribe - CE,2017,451
2306900,Jaguaribe - CE,2018,463
2306900,Jaguaribe - CE,2019,427
2307007,Jaguaruana - CE,2014,379
2307007,Jaguaruana - CE,2015,413
2307007,Jaguaruana - CE,2016,416
2307007,Jaguaruana - CE,2017,362
2307007,Jaguaruana - CE,2018,406
2307007,Jaguaruana - CE,2019,354
2307106,Jardim - CE,2014,454
2307106,Jardim - CE,2015,476
2307106,Jardim - CE,2016,454
2307106,Jardim - CE,2017,445
2307106,Jardim - CE,2018,403
2307106,Jardim - CE,2019,410
2307205,Jati - CE,2014,119
2307205,Jati - CE,2015,128
2307205,Jati - CE,2016,137
2307205,Jati - CE,2017,129
2307205,Jati - CE,2018,128
2307205,Jati - CE,2019,133
2307254,Jijoca de Jericoacoara - CE,2014,268
2307254,Jijoca de Jericoacoara - CE,2015,277
2307254,Jijoca de Jericoacoara - CE,2016,290
2307254,Jijoca de Jericoacoara - CE,2017,331
2307254,Jijoca de Jericoacoara - CE,2018,429
2307254,Jijoca de Jericoacoara - CE,2019,425
2307304,Juazeiro do Norte - CE,2014,3254
2307304,Juazeiro do Norte - CE,2015,4024
2307304,Juazeiro do Norte - CE,2016,3825
2307304,Juazeiro do Norte - CE,2017,3995
2307304,Juazeiro do Norte - CE,2018,4237
2307304,Juazeiro do Norte - CE,2019,4145
2307403,Jucás - CE,2014,352
2307403,Jucás - CE,2015,291
2307403,Jucás - CE,2016,278
2307403,Jucás - CE,2017,335
2307403,Jucás - CE,2018,369
2307403,Jucás - CE,2019,297
2307502,Lavras da Mangabeira - CE,2014,356
2307502,Lavras da Mangabeira - CE,2015,399
2307502,Lavras da Mangabeira - CE,2016,383
2307502,Lavras da Mangabeira - CE,2017,337
2307502,Lavras da Mangabeira - CE,2018,409
2307502,Lavras da Mangabeira - CE,2019,347
2307601,Limoeiro do Norte - CE,2014,686
2307601,Limoeiro do Norte - CE,2015,800
2307601,Limoeiro do Norte - CE,2016,722
2307601,Limoeiro do Norte - CE,2017,764
2307601,Limoeiro do Norte - CE,2018,742
2307601,Limoeiro do Norte - CE,2019,708
2307635,Madalena - CE,2014,135
2307635,Madalena - CE,2015,216
2307635,Madalena - CE,2016,206
2307635,Madalena - CE,2017,244
2307635,Madalena - CE,2018,248
2307635,Madalena - CE,2019,222
2307650,Maracanaú - CE,2014,3852
2307650,Maracanaú - CE,2015,4201
2307650,Maracanaú - CE,2016,4139
2307650,Maracanaú - CE,2017,4107
2307650,Maracanaú - CE,2018,4177
2307650,Maracanaú - CE,2019,4068
2307700,Maranguape - CE,2014,1347
2307700,Maranguape - CE,2015,1512
2307700,Maranguape - CE,2016,1485
2307700,Maranguape - CE,2017,1414
2307700,Maranguape - CE,2018,1450
2307700,Maranguape - CE,2019,1401
2307809,Marco - CE,2014,513
2307809,Marco - CE,2015,556
2307809,Marco - CE,2016,524
2307809,Marco - CE,2017,507
2307809,Marco - CE,2018,588
2307809,Marco - CE,2019,541
2307908,Martinópole - CE,2014,167
2307908,Martinópole - CE,2015,171
2307908,Martinópole - CE,2016,149
2307908,Martinópole - CE,2017,166
2307908,Martinópole - CE,2018,197
2307908,Martinópole - CE,2019,182
2308005,Massapê - CE,2014,531
2308005,Massapê - CE,2015,556
2308005,Massapê - CE,2016,538
2308005,Massapê - CE,2017,555
2308005,Massapê - CE,2018,650
2308005,Massapê - CE,2019,612
2308104,Mauriti - CE,2014,594
2308104,Mauriti - CE,2015,626
2308104,Mauriti - CE,2016,623
2308104,Mauriti - CE,2017,725
2308104,Mauriti - CE,2018,734
2308104,Mauriti - CE,2019,737
2308203,Meruoca - CE,2014,199
2308203,Meruoca - CE,2015,230
2308203,Meruoca - CE,2016,224
2308203,Meruoca - CE,2017,246
2308203,Meruoca - CE,2018,221
2308203,Meruoca - CE,2019,255
2308302,Milagres - CE,2014,404
2308302,Milagres - CE,2015,398
2308302,Milagres - CE,2016,358
2308302,Milagres - CE,2017,352
2308302,Milagres - CE,2018,330
2308302,Milagres - CE,2019,380
2308351,Milhã - CE,2014,127
2308351,Milhã - CE,2015,173
2308351,Milhã - CE,2016,159
2308351,Milhã - CE,2017,159
2308351,Milhã - CE,2018,152
2308351,Milhã - CE,2019,146
2308377,Miraíma - CE,2014,185
2308377,Miraíma - CE,2015,190
2308377,Miraíma - CE,2016,164
2308377,Miraíma - CE,2017,158
2308377,Miraíma - CE,2018,169
2308377,Miraíma - CE,2019,172
2308401,Missão Velha - CE,2014,570
2308401,Missão Velha - CE,2015,622
2308401,Missão Velha - CE,2016,549
2308401,Missão Velha - CE,2017,559
2308401,Missão Velha - CE,2018,612
2308401,Missão Velha - CE,2019,581
2308500,Mombaça - CE,2014,476
2308500,Mombaça - CE,2015,534
2308500,Mombaça - CE,2016,475
2308500,Mombaça - CE,2017,457
2308500,Mombaça - CE,2018,530
2308500,Mombaça - CE,2019,512
2308609,Monsenhor Tabosa - CE,2014,242
2308609,Monsenhor Tabosa - CE,2015,211
2308609,Monsenhor Tabosa - CE,2016,251
2308609,Monsenhor Tabosa - CE,2017,240
2308609,Monsenhor Tabosa - CE,2018,258
2308609,Monsenhor Tabosa - CE,2019,263
2308708,Morada Nova - CE,2014,755
2308708,Morada Nova - CE,2015,774
2308708,Morada Nova - CE,2016,743
2308708,Morada Nova - CE,2017,743
2308708,Morada Nova - CE,2018,702
2308708,Morada Nova - CE,2019,772
2308807,Moraújo - CE,2014,126
2308807,Moraújo - CE,2015,134
2308807,Moraújo - CE,2016,112
2308807,Moraújo - CE,2017,115
2308807,Moraújo - CE,2018,135
2308807,Moraújo - CE,2019,145
2308906,Morrinhos - CE,2014,330
2308906,Morrinhos - CE,2015,332
2308906,Morrinhos - CE,2016,301
2308906,Morrinhos - CE,2017,334
2308906,Morrinhos - CE,2018,385
2308906,Morrinhos - CE,2019,333
2309003,Mucambo - CE,2014,151
2309003,Mucambo - CE,2015,170
2309003,Mucambo - CE,2016,163
2309003,Mucambo - CE,2017,180
2309003,Mucambo - CE,2018,184
2309003,Mucambo - CE,2019,163
2309102,Mulungu - CE,2014,165
2309102,Mulungu - CE,2015,151
2309102,Mulungu - CE,2016,132
2309102,Mulungu - CE,2017,135
2309102,Mulungu - CE,2018,132
2309102,Mulungu - CE,2019,138
2309201,Nova Olinda - CE,2014,274
2309201,Nova Olinda - CE,2015,271
2309201,Nova Olinda - CE,2016,259
2309201,Nova Olinda - CE,2017,265
2309201,Nova Olinda - CE,2018,267
2309201,Nova Olinda - CE,2019,246
2309300,Nova Russas - CE,2014,333
2309300,Nova Russas - CE,2015,395
2309300,Nova Russas - CE,2016,353
2309300,Nova Russas - CE,2017,363
2309300,Nova Russas - CE,2018,426
2309300,Nova Russas - CE,2019,369
2309409,Novo Oriente - CE,2014,367
2309409,Novo Oriente - CE,2015,368
2309409,Novo Oriente - CE,2016,355
2309409,Novo Oriente - CE,2017,371
2309409,Novo Oriente - CE,2018,333
2309409,Novo Oriente - CE,2019,379
2309458,Ocara - CE,2014,307
2309458,Ocara - CE,2015,319
2309458,Ocara - CE,2016,241
2309458,Ocara - CE,2017,261
2309458,Ocara - CE,2018,301
2309458,Ocara - CE,2019,291
2309508,Orós - CE,2014,242
2309508,Orós - CE,2015,273
2309508,Orós - CE,2016,265
2309508,Orós - CE,2017,258
2309508,Orós - CE,2018,245
2309508,Orós - CE,2019,257
2309607,Pacajus - CE,2014,1014
2309607,Pacajus - CE,2015,1075
2309607,Pacajus - CE,2016,950
2309607,Pacajus - CE,2017,973
2309607,Pacajus - CE,2018,983
2309607,Pacajus - CE,2019,992
2309706,Pacatuba - CE,2014,935
2309706,Pacatuba - CE,2015,1011
2309706,Pacatuba - CE,2016,895
2309706,Pacatuba - CE,2017,1056
2309706,Pacatuba - CE,2018,1043
2309706,Pacatuba - CE,2019,1057
2309805,Pacoti - CE,2014,158
2309805,Pacoti - CE,2015,179
2309805,Pacoti - CE,2016,169
2309805,Pacoti - CE,2017,168
2309805,Pacoti - CE,2018,166
2309805,Pacoti - CE,2019,165
2309904,Pacujá - CE,2014,78
2309904,Pacujá - CE,2015,86
2309904,Pacujá - CE,2016,71
2309904,Pacujá - CE,2017,88
2309904,Pacujá - CE,2018,80
2309904,Pacujá - CE,2019,73
2310001,Palhano - CE,2014,115
2310001,Palhano - CE,2015,127
2310001,Palhano - CE,2016,102
2310001,Palhano - CE,2017,94
2310001,Palhano - CE,2018,109
2310001,Palhano - CE,2019,104
2310100,Palmácia - CE,2014,128
2310100,Palmácia - CE,2015,127
2310100,Palmácia - CE,2016,144
2310100,Palmácia - CE,2017,132
2310100,Palmácia - CE,2018,108
2310100,Palmácia - CE,2019,145
2310209,Paracuru - CE,2014,563
2310209,Paracuru - CE,2015,561
2310209,Paracuru - CE,2016,626
2310209,Paracuru - CE,2017,652
2310209,Paracuru - CE,2018,598
2310209,Paracuru - CE,2019,590
2310258,Paraipaba - CE,2014,443
2310258,Paraipaba - CE,2015,511
2310258,Paraipaba - CE,2016,431
2310258,Paraipaba - CE,2017,422
2310258,Paraipaba - CE,2018,471
2310258,Paraipaba - CE,2019,416
2310308,Parambu - CE,2014,399
2310308,Parambu - CE,2015,400
2310308,Parambu - CE,2016,384
2310308,Parambu - CE,2017,469
2310308,Parambu - CE,2018,424
2310308,Parambu - CE,2019,419
2310407,Paramoti - CE,2014,154
2310407,Paramoti - CE,2015,153
2310407,Paramoti - CE,2016,136
2310407,Paramoti - CE,2017,132
2310407,Paramoti - CE,2018,159
2310407,Paramoti - CE,2019,117
2310506,Pedra Branca - CE,2014,520
2310506,Pedra Branca - CE,2015,536
2310506,Pedra Branca - CE,2016,499
2310506,Pedra Branca - CE,2017,516
2310506,Pedra Branca - CE,2018,493
2310506,Pedra Branca - CE,2019,477
2310605,Penaforte - CE,2014,155
2310605,Penaforte - CE,2015,166
2310605,Penaforte - CE,2016,165
2310605,Penaforte - CE,2017,163
2310605,Penaforte - CE,2018,190
2310605,Penaforte - CE,2019,206
2310704,Pentecoste - CE,2014,508
2310704,Pentecoste - CE,2015,592
2310704,Pentecoste - CE,2016,511
2310704,Pentecoste - CE,2017,537
2310704,Pentecoste - CE,2018,597
2310704,Pentecoste - CE,2019,567
2310803,Pereiro - CE,2014,240
2310803,Pereiro - CE,2015,208
2310803,Pereiro - CE,2016,209
2310803,Pereiro - CE,2017,191
2310803,Pereiro - CE,2018,222
2310803,Pereiro - CE,2019,228
2310852,Pindoretama - CE,2014,312
2310852,Pindoretama - CE,2015,344
2310852,Pindoretama - CE,2016,378
2310852,Pindoretama - CE,2017,311
2310852,Pindoretama - CE,2018,327
2310852,Pindoretama - CE,2019,355
2310902,Piquet Carneiro - CE,2014,141
2310902,Piquet Carneiro - CE,2015,150
2310902,Piquet Carneiro - CE,2016,158
2310902,Piquet Carneiro - CE,2017,136
2310902,Piquet Carneiro - CE,2018,146
2310902,Piquet Carneiro - CE,2019,159
2310951,Pires Ferreira - CE,2014,95
2310951,Pires Ferreira - CE,2015,111
2310951,Pires Ferreira - CE,2016,93
2310951,Pires Ferreira - CE,2017,120
2310951,Pires Ferreira - CE,2018,116
2310951,Pires Ferreira - CE,2019,87
2311009,Poranga - CE,2014,164
2311009,Poranga - CE,2015,173
2311009,Poranga - CE,2016,182
2311009,Poranga - CE,2017,187
2311009,Poranga - CE,2018,208
2311009,Poranga - CE,2019,162
2311108,Porteiras - CE,2014,261
2311108,Porteiras - CE,2015,229
2311108,Porteiras - CE,2016,227
2311108,Porteiras - CE,2017,239
2311108,Porteiras - CE,2018,259
2311108,Porteiras - CE,2019,234
2311207,Potengi - CE,2014,124
2311207,Potengi - CE,2015,126
2311207,Potengi - CE,2016,121
2311207,Potengi - CE,2017,118
2311207,Potengi - CE,2018,124
2311207,Potengi - CE,2019,134
2311231,Potiretama - CE,2014,88
2311231,Potiretama - CE,2015,78
2311231,Potiretama - CE,2016,77
2311231,Potiretama - CE,2017,90
2311231,Potiretama - CE,2018,83
2311231,Potiretama - CE,2019,84
2311264,Quiterianópolis - CE,2014,251
2311264,Quiterianópolis - CE,2015,260
2311264,Quiterianópolis - CE,2016,213
2311264,Quiterianópolis - CE,2017,253
2311264,Quiterianópolis - CE,2018,255
2311264,Quiterianópolis - CE,2019,255
2311306,Quixadá - CE,2014,1314
2311306,Quixadá - CE,2015,1382
2311306,Quixadá - CE,2016,1214
2311306,Quixadá - CE,2017,1267
2311306,Quixadá - CE,2018,1423
2311306,Quixadá - CE,2019,1378
2311355,Quixelô - CE,2014,169
2311355,Quixelô - CE,2015,214
2311355,Quixelô - CE,2016,160
2311355,Quixelô - CE,2017,172
2311355,Quixelô - CE,2018,212
2311355,Quixelô - CE,2019,178
2311405,Quixeramobim - CE,2014,980
2311405,Quixeramobim - CE,2015,1038
2311405,Quixeramobim - CE,2016,984
2311405,Quixeramobim - CE,2017,999
2311405,Quixeramobim - CE,2018,1176
2311405,Quixeramobim - CE,2019,1174
2311504,Quixeré - CE,2014,312
2311504,Quixeré - CE,2015,327
2311504,Quixeré - CE,2016,266
2311504,Quixeré - CE,2017,272
2311504,Quixeré - CE,2018,249
2311504,Quixeré - CE,2019,260
2311603,Redenção - CE,2014,447
2311603,Redenção - CE,2015,468
2311603,Redenção - CE,2016,418
2311603,Redenção - CE,2017,425
2311603,Redenção - CE,2018,364
2311603,Redenção - CE,2019,408
2311702,Reriutaba - CE,2014,250
2311702,Reriutaba - CE,2015,250
2311702,Reriutaba - CE,2016,236
2311702,Reriutaba - CE,2017,237
2311702,Reriutaba - CE,2018,242
2311702,Reriutaba - CE,2019,247
2311801,Russas - CE,2014,947
2311801,Russas - CE,2015,1036
2311801,Russas - CE,2016,911
2311801,Russas - CE,2017,989
2311801,Russas - CE,2018,995
2311801,Russas - CE,2019,928
2311900,Saboeiro - CE,2014,173
2311900,Saboeiro - CE,2015,194
2311900,Saboeiro - CE,2016,212
2311900,Saboeiro - CE,2017,230
2311900,Saboeiro - CE,2018,225
2311900,Saboeiro - CE,2019,195
2311959,Salitre - CE,2014,231
2311959,Salitre - CE,2015,277
2311959,Salitre - CE,2016,247
2311959,Salitre - CE,2017,272
2311959,Salitre - CE,2018,299
2311959,Salitre - CE,2019,267
2312007,Santana do Acaraú - CE,2014,464
2312007,Santana do Acaraú - CE,2015,432
2312007,Santana do Acaraú - CE,2016,416
2312007,Santana do Acaraú - CE,2017,438
2312007,Santana do Acaraú - CE,2018,414
2312007,Santana do Acaraú - CE,2019,431
2312106,Santana do Cariri - CE,2014,199
2312106,Santana do Cariri - CE,2015,221
2312106,Santana do Cariri - CE,2016,242
2312106,Santana do Cariri - CE,2017,209
2312106,Santana do Cariri - CE,2018,221
2312106,Santana do Cariri - CE,2019,233
2312205,Santa Quitéria - CE,2014,554
2312205,Santa Quitéria - CE,2015,569
2312205,Santa Quitéria - CE,2016,509
2312205,Santa Quitéria - CE,2017,495
2312205,Santa Quitéria - CE,2018,532
2312205,Santa Quitéria - CE,2019,565
2312304,São Benedito - CE,2014,746
2312304,São Benedito - CE,2015,784
2312304,São Benedito - CE,2016,764
2312304,São Benedito - CE,2017,760
2312304,São Benedito - CE,2018,779
2312304,São Benedito - CE,2019,808
2312403,São Gonçalo do Amarante - CE,2014,774
2312403,São Gonçalo do Amarante - CE,2015,870
2312403,São Gonçalo do Amarante - CE,2016,886
2312403,São Gonçalo do Amarante - CE,2017,900
2312403,São Gonçalo do Amarante - CE,2018,897
2312403,São Gonçalo do Amarante - CE,2019,870
2312502,São João do Jaguaribe - CE,2014,73
2312502,São João do Jaguaribe - CE,2015,75
2312502,São João do Jaguaribe - CE,2016,74
2312502,São João do Jaguaribe - CE,2017,80
2312502,São João do Jaguaribe - CE,2018,79
2312502,São João do Jaguaribe - CE,2019,91
2312601,São Luís do Curu - CE,2014,205
2312601,São Luís do Curu - CE,2015,169
2312601,São Luís do Curu - CE,2016,146
2312601,São Luís do Curu - CE,2017,152
2312601,São Luís do Curu - CE,2018,164
2312601,São Luís do Curu - CE,2019,153
2312700,Senador Pompeu - CE,2014,298
2312700,Senador Pompeu - CE,2015,303
2312700,Senador Pompeu - CE,2016,306
2312700,Senador Pompeu - CE,2017,318
2312700,Senador Pompeu - CE,2018,307
2312700,Senador Pompeu - CE,2019,285
2312809,Senador Sá - CE,2014,84
2312809,Senador Sá - CE,2015,88
2312809,Senador Sá - CE,2016,111
2312809,Senador Sá - CE,2017,77
2312809,Senador Sá - CE,2018,97
2312809,Senador Sá - CE,2019,109
2312908,Sobral - CE,2014,3457
2312908,Sobral - CE,2015,3448
2312908,Sobral - CE,2016,3267
2312908,Sobral - CE,2017,3273
2312908,Sobral - CE,2018,3382
2312908,Sobral - CE,2019,3259
2313005,Solonópole - CE,2014,174
2313005,Solonópole - CE,2015,194
2313005,Solonópole - CE,2016,199
2313005,Solonópole - CE,2017,199
2313005,Solonópole - CE,2018,182
2313005,Solonópole - CE,2019,209
2313104,Tabuleiro do Norte - CE,2014,402
2313104,Tabuleiro do Norte - CE,2015,403
2313104,Tabuleiro do Norte - CE,2016,361
2313104,Tabuleiro do Norte - CE,2017,369
2313104,Tabuleiro do Norte - CE,2018,383
2313104,Tabuleiro do Norte - CE,2019,399
2313203,Tamboril - CE,2014,303
2313203,Tamboril - CE,2015,332
2313203,Tamboril - CE,2016,267
2313203,Tamboril - CE,2017,290
2313203,Tamboril - CE,2018,330
2313203,Tamboril - CE,2019,326
2313252,Tarrafas - CE,2014,67
2313252,Tarrafas - CE,2015,70
2313252,Tarrafas - CE,2016,101
2313252,Tarrafas - CE,2017,109
2313252,Tarrafas - CE,2018,98
2313252,Tarrafas - CE,2019,101
2313302,Tauá - CE,2014,741
2313302,Tauá - CE,2015,743
2313302,Tauá - CE,2016,774
2313302,Tauá - CE,2017,726
2313302,Tauá - CE,2018,768
2313302,Tauá - CE,2019,768
2313351,Tejuçuoca - CE,2014,278
2313351,Tejuçuoca - CE,2015,279
2313351,Tejuçuoca - CE,2016,286
2313351,Tejuçuoca - CE,2017,260
2313351,Tejuçuoca - CE,2018,287
2313351,Tejuçuoca - CE,2019,251
2313401,Tianguá - CE,2014,1279
2313401,Tianguá - CE,2015,1349
2313401,Tianguá - CE,2016,1449
2313401,Tianguá - CE,2017,1472
2313401,Tianguá - CE,2018,1514
2313401,Tianguá - CE,2019,1454
2313500,Trairi - CE,2014,746
2313500,Trairi - CE,2015,706
2313500,Trairi - CE,2016,754
2313500,Trairi - CE,2017,849
2313500,Trairi - CE,2018,893
2313500,Trairi - CE,2019,788
2313559,Tururu - CE,2014,273
2313559,Tururu - CE,2015,298
2313559,Tururu - CE,2016,277
2313559,Tururu - CE,2017,251
2313559,Tururu - CE,2018,256
2313559,Tururu - CE,2019,226
2313609,Ubajara - CE,2014,497
2313609,Ubajara - CE,2015,471
2313609,Ubajara - CE,2016,533
2313609,Ubajara - CE,2017,448
2313609,Ubajara - CE,2018,531
2313609,Ubajara - CE,2019,574
2313708,Umari - CE,2014,88
2313708,Umari - CE,2015,95
2313708,Umari - CE,2016,73
2313708,Umari - CE,2017,92
2313708,Umari - CE,2018,85
2313708,Umari - CE,2019,86
2313757,Umirim - CE,2014,183
2313757,Umirim - CE,2015,252
2313757,Umirim - CE,2016,234
2313757,Umirim - CE,2017,268
2313757,Umirim - CE,2018,313
2313757,Umirim - CE,2019,289
2313807,Uruburetama - CE,2014,337
2313807,Uruburetama - CE,2015,363
2313807,Uruburetama - CE,2016,358
2313807,Uruburetama - CE,2017,322
2313807,Uruburetama - CE,2018,391
2313807,Uruburetama - CE,2019,375
2313906,Uruoca - CE,2014,190
2313906,Uruoca - CE,2015,199
2313906,Uruoca - CE,2016,181
2313906,Uruoca - CE,2017,186
2313906,Uruoca - CE,2018,183
2313906,Uruoca - CE,2019,201
2313955,Varjota - CE,2014,251
2313955,Varjota - CE,2015,270
2313955,Varjota - CE,2016,305
2313955,Varjota - CE,2017,282
2313955,Varjota - CE,2018,335
2313955,Varjota - CE,2019,278
2314003,Várzea Alegre - CE,2014,532
2314003,Várzea Alegre - CE,2015,511
2314003,Várzea Alegre - CE,2016,445
2314003,Várzea Alegre - CE,2017,408
2314003,Várzea Alegre - CE,2018,485
2314003,Várzea Alegre - CE,2019,495
2314102,Viçosa do Ceará - CE,2014,884
2314102,Viçosa do Ceará - CE,2015,955
2314102,Viçosa do Ceará - CE,2016,905
2314102,Viçosa do Ceará - CE,2017,922
2314102,Viçosa do Ceará - CE,2018,1021
2314102,Viçosa do Ceará - CE,2019,963
2300101,Abaiara - CE,2020,149
2300101,Abaiara - CE,2021,136
2300101,Abaiara - CE,2022,141
2300101,Abaiara - CE,2023,122
2300101,Abaiara - CE,2024,105
2300150,Acarape - CE,2020,192
2300150,Acarape - CE,2021,217
2300150,Acarape - CE,2022,222
2300150,Acarape - CE,2023,244
2300150,Acarape - CE,2024,181
2300200,Acaraú - CE,2020,922
2300200,Acaraú - CE,2021,887
2300200,Acaraú - CE,2022,910
2300200,Acaraú - CE,2023,868
2300200,Acaraú - CE,2024,814
2300309,Acopiara - CE,2020,536
2300309,Acopiara - CE,2021,543
2300309,Acopiara - CE,2022,520
2300309,Acopiara - CE,2023,450
2300309,Acopiara - CE,2024,415
2300408,Aiuaba - CE,2020,201
2300408,Aiuaba - CE,2021,169
2300408,Aiuaba - CE,2022,171
2300408,Aiuaba - CE,2023,133
2300408,Aiuaba - CE,2024,151
2300507,Alcântaras - CE,2020,150
2300507,Alcântaras - CE,2021,149
2300507,Alcântaras - CE,2022,128
2300507,Alcântaras - CE,2023,130
2300507,Alcântaras - CE,2024,126
2300606,Altaneira - CE,2020,114
2300606,Altaneira - CE,2021,114
2300606,Altaneira - CE,2022,121
2300606,Altaneira - CE,2023,80
2300606,Altaneira - CE,2024,95
2300705,Alto Santo - CE,2020,175
2300705,Alto Santo - CE,2021,192
2300705,Alto Santo - CE,2022,172
2300705,Alto Santo - CE,2023,145
2300705,Alto Santo - CE,2024,147
2300754,Amontada - CE,2020,682
2300754,Amontada - CE,2021,763
2300754,Amontada - CE,2022,650
2300754,Amontada - CE,2023,685
2300754,Amontada - CE,2024,625
2300804,Antonina do Norte - CE,2020,93
2300804,Antonina do Norte - CE,2021,84
2300804,Antonina do Norte - CE,2022,97
2300804,Antonina do Norte - CE,2023,80
2300804,Antonina do Norte - CE,2024,92
2300903,Apuiarés - CE,2020,156
2300903,Apuiarés - CE,2021,174
2300903,Apuiarés - CE,2022,137
2300903,Apuiarés - CE,2023,147
2300903,Apuiarés - CE,2024,142
2301000,Aquiraz - CE,2020,1017
2301000,Aquiraz - CE,2021,1059
2301000,Aquiraz - CE,2022,1080
2301000,Aquiraz - CE,2023,1135
2301000,Aquiraz - CE,2024,987
2301109,Aracati - CE,2020,954
2301109,Aracati - CE,2021,935
2301109,Aracati - CE,2022,867
2301109,Aracati - CE,2023,817
2301109,Aracati - CE,2024,807
2301208,Aracoiaba - CE,2020,317
2301208,Aracoiaba - CE,2021,342
2301208,Aracoiaba - CE,2022,295
2301208,Aracoiaba - CE,2023,305
2301208,Aracoiaba - CE,2024,281
2301257,Ararendá - CE,2020,148
2301257,Ararendá - CE,2021,133
2301257,Ararendá - CE,2022,151
2301257,Ararendá - CE,2023,167
2301257,Ararendá - CE,2024,110
2301307,Araripe - CE,2020,336
2301307,Araripe - CE,2021,337
2301307,Araripe - CE,2022,295
2301307,Araripe - CE,2023,311
2301307,Araripe - CE,2024,276
2301406,Aratuba - CE,2020,171
2301406,Aratuba - CE,2021,160
2301406,Aratuba - CE,2022,150
2301406,Aratuba - CE,2023,131
2301406,Aratuba - CE,2024,156
2301505,Arneiroz - CE,2020,98
2301505,Arneiroz - CE,2021,90
2301505,Arneiroz - CE,2022,75
2301505,Arneiroz - CE,2023,85
2301505,Arneiroz - CE,2024,75
2301604,Assaré - CE,2020,267
2301604,Assaré - CE,2021,275
2301604,Assaré - CE,2022,251
2301604,Assaré - CE,2023,246
2301604,Assaré - CE,2024,244
2301703,Aurora - CE,2020,302
2301703,Aurora - CE,2021,283
2301703,Aurora - CE,2022,282
2301703,Aurora - CE,2023,237
2301703,Aurora - CE,2024,259
2301802,Baixio - CE,2020,66
2301802,Baixio - CE,2021,63
2301802,Baixio - CE,2022,51
2301802,Baixio - CE,2023,61
2301802,Baixio - CE,2024,59
2301851,Banabuiú - CE,2020,245
2301851,Banabuiú - CE,2021,226
2301851,Banabuiú - CE,2022,203
2301851,Banabuiú - CE,2023,258
2301851,Banabuiú - CE,2024,198
2301901,Barbalha - CE,2020,1247
2301901,Barbalha - CE,2021,1169
2301901,Barbalha - CE,2022,1098
2301901,Barbalha - CE,2023,1058
2301901,Barbalha - CE,2024,1054
2301950,Barreira - CE,2020,376
2301950,Barreira - CE,2021,323
2301950,Barreira - CE,2022,296
2301950,Barreira - CE,2023,298
2301950,Barreira - CE,2024,262
2302008,Barro - CE,2020,220
2302008,Barro - CE,2021,233
2302008,Barro - CE,2022,205
2302008,Barro - CE,2023,187
2302008,Barro - CE,2024,193
2302057,Barroquinha - CE,2020,224
2302057,Barroquinha - CE,2021,216
2302057,Barroquinha - CE,2022,202
2302057,Barroquinha - CE,2023,214
2302057,Barroquinha - CE,2024,210
2302107,Baturité - CE,2020,454
2302107,Baturité - CE,2021,435
2302107,Baturité - CE,2022,438
2302107,Baturité - CE,2023,432
2302107,Baturité - CE,2024,407
2302206,Beberibe - CE,2020,581
2302206,Beberibe - CE,2021,644
2302206,Beberibe - CE,2022,601
2302206,Beberibe - CE,2023,567
2302206,Beberibe - CE,2024,511
2302305,Bela Cruz - CE,2020,381
2302305,Bela Cruz - CE,2021,395
2302305,Bela Cruz - CE,2022,358
2302305,Bela Cruz - CE,2023,337
2302305,Bela Cruz - CE,2024,351
2302404,Boa Viagem - CE,2020,571
2302404,Boa Viagem - CE,2021,613
2302404,Boa Viagem - CE,2022,557
2302404,Boa Viagem - CE,2023,580
2302404,Boa Viagem - CE,2024,539
2302503,Brejo Santo - CE,2020,777
2302503,Brejo Santo - CE,2021,657
2302503,Brejo Santo - CE,2022,699
2302503,Brejo Santo - CE,2023,714
2302503,Brejo Santo - CE,2024,677
2302602,Camocim - CE,2020,862
2302602,Camocim - CE,2021,922
2302602,Camocim - CE,2022,785
2302602,Camocim - CE,2023,933
2302602,Camocim - CE,2024,785
2302701,Campos Sales - CE,2020,324
2302701,Campos Sales - CE,2021,363
2302701,Campos Sales - CE,2022,365
2302701,Campos Sales - CE,2023,340
2302701,Campos Sales - CE,2024,322
2302800,Canindé - CE,2020,900
2302800,Canindé - CE,2021,1020
2302800,Canindé - CE,2022,988
2302800,Canindé - CE,2023,1017
2302800,Canindé - CE,2024,858
2302909,Capistrano - CE,2020,256
2302909,Capistrano - CE,2021,225
2302909,Capistrano - CE,2022,242
2302909,Capistrano - CE,2023,216
2302909,Capistrano - CE,2024,200
2303006,Caridade - CE,2020,244
2303006,Caridade - CE,2021,274
2303006,Caridade - CE,2022,215
2303006,Caridade - CE,2023,207
2303006,Caridade - CE,2024,203
2303105,Cariré - CE,2020,252
2303105,Cariré - CE,2021,225
2303105,Cariré - CE,2022,202
2303105,Cariré - CE,2023,184
2303105,Cariré - CE,2024,163
2303204,Caririaçu - CE,2020,401
2303204,Caririaçu - CE,2021,366
2303204,Caririaçu - CE,2022,388
2303204,Caririaçu - CE,2023,382
2303204,Caririaçu - CE,2024,370
2303303,Cariús - CE,2020,168
2303303,Cariús - CE,2021,148
2303303,Cariús - CE,2022,196
2303303,Cariús - CE,2023,144
2303303,Cariús - CE,2024,150
2303402,Carnaubal - CE,2020,230
2303402,Carnaubal - CE,2021,279
2303402,Carnaubal - CE,2022,243
2303402,Carnaubal - CE,2023,227
2303402,Carnaubal - CE,2024,203
2303501,Cascavel - CE,2020,996
2303501,Cascavel - CE,2021,921
2303501,Cascavel - CE,2022,872
2303501,Cascavel - CE,2023,883
2303501,Cascavel - CE,2024,804
2303600,Catarina - CE,2020,141
2303600,Catarina - CE,2021,127
2303600,Catarina - CE,2022,125
2303600,Catarina - CE,2023,110
2303600,Catarina - CE,2024,142
2303659,Catunda - CE,2020,105
2303659,Catunda - CE,2021,89
2303659,Catunda - CE,2022,97
2303659,Catunda - CE,2023,81
2303659,Catunda - CE,2024,83
2303709,Caucaia - CE,2020,4959
2303709,Caucaia - CE,2021,4974
2303709,Caucaia - CE,2022,4759
2303709,Caucaia - CE,2023,4601
2303709,Caucaia - CE,2024,4403
2303808,Cedro - CE,2020,251
2303808,Cedro - CE,2021,248
2303808,Cedro - CE,2022,254
2303808,Cedro - CE,2023,237
2303808,Cedro - CE,2024,213
2303907,Chaval - CE,2020,180
2303907,Chaval - CE,2021,210
2303907,Chaval - CE,2022,168
2303907,Chaval - CE,2023,163
2303907,Chaval - CE,2024,160
2303931,Choró - CE,2020,129
2303931,Choró - CE,2021,139
2303931,Choró - CE,2022,141
2303931,Choró - CE,2023,130
2303931,Choró - CE,2024,124
2303956,Chorozinho - CE,2020,279
2303956,Chorozinho - CE,2021,258
2303956,Chorozinho - CE,2022,194
2303956,Chorozinho - CE,2023,217
2303956,Chorozinho - CE,2024,228
2304004,Coreaú - CE,2020,317
2304004,Coreaú - CE,2021,280
2304004,Coreaú - CE,2022,261
2304004,Coreaú - CE,2023,257
2304004,Coreaú - CE,2024,251
2304103,Crateús - CE,2020,1023
2304103,Crateús - CE,2021,957
2304103,Crateús - CE,2022,928
2304103,Crateús - CE,2023,907
2304103,Crateús - CE,2024,866
2304202,Crato - CE,2020,1981
2304202,Crato - CE,2021,1936
2304202,Crato - CE,2022,1742
2304202,Crato - CE,2023,1716
2304202,Crato - CE,2024,1700
2304236,Croatá - CE,2020,254
2304236,Croatá - CE,2021,255
2304236,Croatá - CE,2022,212
2304236,Croatá - CE,2023,209
2304236,Croatá - CE,2024,199
2304251,Cruz - CE,2020,423
2304251,Cruz - CE,2021,422
2304251,Cruz - CE,2022,408
2304251,Cruz - CE,2023,451
2304251,Cruz - CE,2024,457
2304269,Deputado Irapuan Pinheiro - CE,2020,77
2304269,Deputado Irapuan Pinheiro - CE,2021,89
2304269,Deputado Irapuan Pinheiro - CE,2022,91
2304269,Deputado Irapuan Pinheiro - CE,2023,85
2304269,Deputado Irapuan Pinheiro - CE,2024,86
2304277,Ereré - CE,2020,78
2304277,Ereré - CE,2021,71
2304277,Ereré - CE,2022,70
2304277,Ereré - CE,2023,47
2304277,Ereré - CE,2024,65
2304285,Eusébio - CE,2020,1207
2304285,Eusébio - CE,2021,1200
2304285,Eusébio - CE,2022,1148
2304285,Eusébio - CE,2023,1185
2304285,Eusébio - CE,2024,1260
2304301,Farias Brito - CE,2020,230
2304301,Farias Brito - CE,2021,237
2304301,Farias Brito - CE,2022,193
2304301,Farias Brito - CE,2023,207
2304301,Farias Brito - CE,2024,190
2304350,Forquilha - CE,2020,323
2304350,Forquilha - CE,2021,270
2304350,Forquilha - CE,2022,247
2304350,Forquilha - CE,2023,249
2304350,Forquilha - CE,2024,231
2304400,Fortaleza - CE,2020,30828
2304400,Fortaleza - CE,2021,30431
2304400,Fortaleza - CE,2022,29057
2304400,Fortaleza - CE,2023,28738
2304400,Fortaleza - CE,2024,27447
2304459,Fortim - CE,2020,184
2304459,Fortim - CE,2021,224
2304459,Fortim - CE,2022,212
2304459,Fortim - CE,2023,211
2304459,Fortim - CE,2024,200
2304509,Frecheirinha - CE,2020,267
2304509,Frecheirinha - CE,2021,240
2304509,Frecheirinha - CE,2022,214
2304509,Frecheirinha - CE,2023,251
2304509,Frecheirinha - CE,2024,236
2304608,General Sampaio - CE,2020,113
2304608,General Sampaio - CE,2021,92
2304608,General Sampaio - CE,2022,100
2304608,General Sampaio - CE,2023,108
2304608,General Sampaio - CE,2024,83
2304657,Graça - CE,2020,184
2304657,Graça - CE,2021,195
2304657,Graça - CE,2022,156
2304657,Graça - CE,2023,161
2304657,Graça - CE,2024,132
2304707,Granja - CE,2020,751
2304707,Granja - CE,2021,719
2304707,Granja - CE,2022,687
2304707,Granja - CE,2023,706
2304707,Granja - CE,2024,677
2304806,Granjeiro - CE,2020,84
2304806,Granjeiro - CE,2021,76
2304806,Granjeiro - CE,2022,60
2304806,Granjeiro - CE,2023,71
2304806,Granjeiro - CE,2024,63
2304905,Groaíras - CE,2020,144
2304905,Groaíras - CE,2021,115
2304905,Groaíras - CE,2022,111
2304905,Groaíras - CE,2023,105
2304905,Groaíras - CE,2024,90
2304954,Guaiúba - CE,2020,323
2304954,Guaiúba - CE,2021,306
2304954,Guaiúba - CE,2022,264
2304954,Guaiúba - CE,2023,233
2304954,Guaiúba - CE,2024,235
2305001,Guaraciaba do Norte - CE,2020,664
2305001,Guaraciaba do Norte - CE,2021,680
2305001,Guaraciaba do Norte - CE,2022,597
2305001,Guaraciaba do Norte - CE,2023,562
2305001,Guaraciaba do Norte - CE,2024,574
2305100,Guaramiranga - CE,2020,74
2305100,Guaramiranga - CE,2021,78
2305100,Guaramiranga - CE,2022,73
2305100,Guaramiranga - CE,2023,59
2305100,Guaramiranga - CE,2024,84
2305209,Hidrolândia - CE,2020,214
2305209,Hidrolândia - CE,2021,223
2305209,Hidrolândia - CE,2022,220
2305209,Hidrolândia - CE,2023,159
2305209,Hidrolândia - CE,2024,192
2305233,Horizonte - CE,2020,1138
2305233,Horizonte - CE,2021,1116
2305233,Horizonte - CE,2022,1053
2305233,Horizonte - CE,2023,1078
2305233,Horizonte - CE,2024,1036
2305266,Ibaretama - CE,2020,194
2305266,Ibaretama - CE,2021,171
2305266,Ibaretama - CE,2022,172
2305266,Ibaretama - CE,2023,157
2305266,Ibaretama - CE,2024,139
2305308,Ibiapina - CE,2020,384
2305308,Ibiapina - CE,2021,381
2305308,Ibiapina - CE,2022,372
2305308,Ibiapina - CE,2023,336
2305308,Ibiapina - CE,2024,313
2305332,Ibicuitinga - CE,2020,152
2305332,Ibicuitinga - CE,2021,130
2305332,Ibicuitinga - CE,2022,112
2305332,Ibicuitinga - CE,2023,106
2305332,Ibicuitinga - CE,2024,101
2305357,Icapuí - CE,2020,255
2305357,Icapuí - CE,2021,198
2305357,Icapuí - CE,2022,176
2305357,Icapuí - CE,2023,150
2305357,Icapuí - CE,2024,145
2305407,Icó - CE,2020,810
2305407,Icó - CE,2021,751
2305407,Icó - CE,2022,693
2305407,Icó - CE,2023,708
2305407,Icó - CE,2024,677
2305506,Iguatu - CE,2020,1245
2305506,Iguatu - CE,2021,1361
2305506,Iguatu - CE,2022,1127
2305506,Iguatu - CE,2023,1112
2305506,Iguatu - CE,2024,1085
2305605,Independência - CE,2020,298
2305605,Independência - CE,2021,297
2305605,Independência - CE,2022,284
2305605,Independência - CE,2023,216
2305605,Independência - CE,2024,245
2305654,Ipaporanga - CE,2020,124
2305654,Ipaporanga - CE,2021,138
2305654,Ipaporanga - CE,2022,130
2305654,Ipaporanga - CE,2023,142
2305654,Ipaporanga - CE,2024,141
2305704,Ipaumirim - CE,2020,134
2305704,Ipaumirim - CE,2021,131
2305704,Ipaumirim - CE,2022,129
2305704,Ipaumirim - CE,2023,139
2305704,Ipaumirim - CE,2024,115
2305803,Ipu - CE,2020,674
2305803,Ipu - CE,2021,676
2305803,Ipu - CE,2022,593
2305803,Ipu - CE,2023,679
2305803,Ipu - CE,2024,688
2305902,Ipueiras - CE,2020,514
2305902,Ipueiras - CE,2021,470
2305902,Ipueiras - CE,2022,448
2305902,Ipueiras - CE,2023,442
2305902,Ipueiras - CE,2024,433
2306009,Iracema - CE,2020,179
2306009,Iracema - CE,2021,150
2306009,Iracema - CE,2022,145
2306009,Iracema - CE,2023,156
2306009,Iracema - CE,2024,124
2306108,Irauçuba - CE,2020,377
2306108,Irauçuba - CE,2021,398
2306108,Irauçuba - CE,2022,333
2306108,Irauçuba - CE,2023,381
2306108,Irauçuba - CE,2024,348
2306207,Itaiçaba - CE,2020,92
2306207,Itaiçaba - CE,2021,76
2306207,Itaiçaba - CE,2022,69
2306207,Itaiçaba - CE,2023,64
2306207,Itaiçaba - CE,2024,65
2306256,Itaitinga - CE,2020,712
2306256,Itaitinga - CE,2021,769
2306256,Itaitinga - CE,2022,754
2306256,Itaitinga - CE,2023,799
2306256,Itaitinga - CE,2024,813
2306306,Itapajé - CE,2020,667
2306306,Itapajé - CE,2021,655
2306306,Itapajé - CE,2022,580
2306306,Itapajé - CE,2023,571
2306306,Itapajé - CE,2024,572
2306405,Itapipoca - CE,2020,2026
2306405,Itapipoca - CE,2021,2066
2306405,Itapipoca - CE,2022,2000
2306405,Itapipoca - CE,2023,2020
2306405,Itapipoca - CE,2024,1831
2306504,Itapiúna - CE,2020,220
2306504,Itapiúna - CE,2021,234
2306504,Itapiúna - CE,2022,191
2306504,Itapiúna - CE,2023,179
2306504,Itapiúna - CE,2024,164
2306553,Itarema - CE,2020,787
2306553,Itarema - CE,2021,704
2306553,Itarema - CE,2022,640
2306553,Itarema - CE,2023,655
2306553,Itarema - CE,2024,636
2306603,Itatira - CE,2020,287
2306603,Itatira - CE,2021,271
2306603,Itatira - CE,2022,258
2306603,Itatira - CE,2023,246
2306603,Itatira - CE,2024,205
2306702,Jaguaretama - CE,2020,219
2306702,Jaguaretama - CE,2021,219
2306702,Jaguaretama - CE,2022,203
2306702,Jaguaretama - CE,2023,194
2306702,Jaguaretama - CE,2024,197
2306801,Jaguaribara - CE,2020,145
2306801,Jaguaribara - CE,2021,117
2306801,Jaguaribara - CE,2022,126
2306801,Jaguaribara - CE,2023,109
2306801,Jaguaribara - CE,2024,110
2306900,Jaguaribe - CE,2020,417
2306900,Jaguaribe - CE,2021,390
2306900,Jaguaribe - CE,2022,368
2306900,Jaguaribe - CE,2023,358
2306900,Jaguaribe - CE,2024,332
2307007,Jaguaruana - CE,2020,337
2307007,Jaguaruana - CE,2021,357
2307007,Jaguaruana - CE,2022,296
2307007,Jaguaruana - CE,2023,332
2307007,Jaguaruana - CE,2024,248
2307106,Jardim - CE,2020,435
2307106,Jardim - CE,2021,389
2307106,Jardim - CE,2022,345
2307106,Jardim - CE,2023,402
2307106,Jardim - CE,2024,359
2307205,Jati - CE,2020,117
2307205,Jati - CE,2021,89
2307205,Jati - CE,2022,97
2307205,Jati - CE,2023,103
2307205,Jati - CE,2024,87
2307254,Jijoca de Jericoacoara - CE,2020,334
2307254,Jijoca de Jericoacoara - CE,2021,357
2307254,Jijoca de Jericoacoara - CE,2022,430
2307254,Jijoca de Jericoacoara - CE,2023,468
2307254,Jijoca de Jericoacoara - CE,2024,445
2307304,Juazeiro do Norte - CE,2020,3305
2307304,Juazeiro do Norte - CE,2021,3923
2307304,Juazeiro do Norte - CE,2022,3689
2307304,Juazeiro do Norte - CE,2023,3787
2307304,Juazeiro do Norte - CE,2024,3655
2307403,Jucás - CE,2020,286
2307403,Jucás - CE,2021,321
2307403,Jucás - CE,2022,304
2307403,Jucás - CE,2023,309
2307403,Jucás - CE,2024,274
2307502,Lavras da Mangabeira - CE,2020,343
2307502,Lavras da Mangabeira - CE,2021,348
2307502,Lavras da Mangabeira - CE,2022,295
2307502,Lavras da Mangabeira - CE,2023,320
2307502,Lavras da Mangabeira - CE,2024,277
2307601,Limoeiro do Norte - CE,2020,715
2307601,Limoeiro do Norte - CE,2021,675
2307601,Limoeiro do Norte - CE,2022,650
2307601,Limoeiro do Norte - CE,2023,646
2307601,Limoeiro do Norte - CE,2024,602
2307635,Madalena - CE,2020,196
2307635,Madalena - CE,2021,217
2307635,Madalena - CE,2022,183
2307635,Madalena - CE,2023,211
2307635,Madalena - CE,2024,159
2307650,Maracanaú - CE,2020,3706
2307650,Maracanaú - CE,2021,3638
2307650,Maracanaú - CE,2022,3381
2307650,Maracanaú - CE,2023,3375
2307650,Maracanaú - CE,2024,3188
2307700,Maranguape - CE,2020,1276
2307700,Maranguape - CE,2021,1241
2307700,Maranguape - CE,2022,1228
2307700,Maranguape - CE,2023,1257
2307700,Maranguape - CE,2024,1181
2307809,Marco - CE,2020,548
2307809,Marco - CE,2021,518
2307809,Marco - CE,2022,531
2307809,Marco - CE,2023,550
2307809,Marco - CE,2024,488
2307908,Martinópole - CE,2020,182
2307908,Martinópole - CE,2021,177
2307908,Martinópole - CE,2022,185
2307908,Martinópole - CE,2023,150
2307908,Martinópole - CE,2024,153
2308005,Massapê - CE,2020,588
2308005,Massapê - CE,2021,530
2308005,Massapê - CE,2022,504
2308005,Massapê - CE,2023,484
2308005,Massapê - CE,2024,419
2308104,Mauriti - CE,2020,638
2308104,Mauriti - CE,2021,706
2308104,Mauriti - CE,2022,657
2308104,Mauriti - CE,2023,616
2308104,Mauriti - CE,2024,593
2308203,Meruoca - CE,2020,198
2308203,Meruoca - CE,2021,207
2308203,Meruoca - CE,2022,163
2308203,Meruoca - CE,2023,175
2308203,Meruoca - CE,2024,189
2308302,Milagres - CE,2020,330
2308302,Milagres - CE,2021,336
2308302,Milagres - CE,2022,345
2308302,Milagres - CE,2023,302
2308302,Milagres - CE,2024,302
2308351,Milhã - CE,2020,146
2308351,Milhã - CE,2021,150
2308351,Milhã - CE,2022,146
2308351,Milhã - CE,2023,136
2308351,Milhã - CE,2024,162
2308377,Miraíma - CE,2020,170
2308377,Miraíma - CE,2021,160
2308377,Miraíma - CE,2022,137
2308377,Miraíma - CE,2023,145
2308377,Miraíma - CE,2024,106
2308401,Missão Velha - CE,2020,588
2308401,Missão Velha - CE,2021,603
2308401,Missão Velha - CE,2022,561
2308401,Missão Velha - CE,2023,529
2308401,Missão Velha - CE,2024,469
2308500,Mombaça - CE,2020,490
2308500,Mombaça - CE,2021,477
2308500,Mombaça - CE,2022,448
2308500,Mombaça - CE,2023,427
2308500,Mombaça - CE,2024,419
2308609,Monsenhor Tabosa - CE,2020,215
2308609,Monsenhor Tabosa - CE,2021,224
2308609,Monsenhor Tabosa - CE,2022,185
2308609,Monsenhor Tabosa - CE,2023,183
2308609,Monsenhor Tabosa - CE,2024,180
2308708,Morada Nova - CE,2020,682
2308708,Morada Nova - CE,2021,729
2308708,Morada Nova - CE,2022,681
2308708,Morada Nova - CE,2023,695
2308708,Morada Nova - CE,2024,612
2308807,Moraújo - CE,2020,118
2308807,Moraújo - CE,2021,118
2308807,Moraújo - CE,2022,133
2308807,Moraújo - CE,2023,125
2308807,Moraújo - CE,2024,96
2308906,Morrinhos - CE,2020,333
2308906,Morrinhos - CE,2021,345
2308906,Morrinhos - CE,2022,313
2308906,Morrinhos - CE,2023,338
2308906,Morrinhos - CE,2024,335
2309003,Mucambo - CE,2020,163
2309003,Mucambo - CE,2021,167
2309003,Mucambo - CE,2022,180
2309003,Mucambo - CE,2023,162
2309003,Mucambo - CE,2024,136
2309102,Mulungu - CE,2020,154
2309102,Mulungu - CE,2021,169
2309102,Mulungu - CE,2022,124
2309102,Mulungu - CE,2023,122
2309102,Mulungu - CE,2024,117
2309201,Nova Olinda - CE,2020,261
2309201,Nova Olinda - CE,2021,241
2309201,Nova Olinda - CE,2022,231
2309201,Nova Olinda - CE,2023,241
2309201,Nova Olinda - CE,2024,191
2309300,Nova Russas - CE,2020,364
2309300,Nova Russas - CE,2021,400
2309300,Nova Russas - CE,2022,339
2309300,Nova Russas - CE,2023,357
2309300,Nova Russas - CE,2024,333
2309409,Novo Oriente - CE,2020,323
2309409,Novo Oriente - CE,2021,352
2309409,Novo Oriente - CE,2022,308
2309409,Novo Oriente - CE,2023,324
2309409,Novo Oriente - CE,2024,293
2309458,Ocara - CE,2020,281
2309458,Ocara - CE,2021,275
2309458,Ocara - CE,2022,255
2309458,Ocara - CE,2023,247
2309458,Ocara - CE,2024,239
2309508,Orós - CE,2020,200
2309508,Orós - CE,2021,227
2309508,Orós - CE,2022,230
2309508,Orós - CE,2023,191
2309508,Orós - CE,2024,170
2309607,Pacajus - CE,2020,960
2309607,Pacajus - CE,2021,1000
2309607,Pacajus - CE,2022,900
2309607,Pacajus - CE,2023,844
2309607,Pacajus - CE,2024,807
2309706,Pacatuba - CE,2020,995
2309706,Pacatuba - CE,2021,1110
2309706,Pacatuba - CE,2022,1022
2309706,Pacatuba - CE,2023,1043
2309706,Pacatuba - CE,2024,938
2309805,Pacoti - CE,2020,142
2309805,Pacoti - CE,2021,141
2309805,Pacoti - CE,2022,130
2309805,Pacoti - CE,2023,139
2309805,Pacoti - CE,2024,141
2309904,Pacujá - CE,2020,79
2309904,Pacujá - CE,2021,71
2309904,Pacujá - CE,2022,75
2309904,Pacujá - CE,2023,50
2309904,Pacujá - CE,2024,62
2310001,Palhano - CE,2020,120
2310001,Palhano - CE,2021,102
2310001,Palhano - CE,2022,95
2310001,Palhano - CE,2023,96
2310001,Palhano - CE,2024,66
2310100,Palmácia - CE,2020,122
2310100,Palmácia - CE,2021,117
2310100,Palmácia - CE,2022,97
2310100,Palmácia - CE,2023,102
2310100,Palmácia - CE,2024,93
2310209,Paracuru - CE,2020,581
2310209,Paracuru - CE,2021,565
2310209,Paracuru - CE,2022,562
2310209,Paracuru - CE,2023,519
2310209,Paracuru - CE,2024,428
2310258,Paraipaba - CE,2020,453
2310258,Paraipaba - CE,2021,418
2310258,Paraipaba - CE,2022,436
2310258,Paraipaba - CE,2023,425
2310258,Paraipaba - CE,2024,411
2310308,Parambu - CE,2020,397
2310308,Parambu - CE,2021,441
2310308,Parambu - CE,2022,422
2310308,Parambu - CE,2023,416
2310308,Parambu - CE,2024,379
2310407,Paramoti - CE,2020,138
2310407,Paramoti - CE,2021,111
2310407,Paramoti - CE,2022,130
2310407,Paramoti - CE,2023,125
2310407,Paramoti - CE,2024,119
2310506,Pedra Branca - CE,2020,455
2310506,Pedra Branca - CE,2021,470
2310506,Pedra Branca - CE,2022,397
2310506,Pedra Branca - CE,2023,425
2310506,Pedra Branca - CE,2024,418
2310605,Penaforte - CE,2020,189
2310605,Penaforte - CE,2021,179
2310605,Penaforte - CE,2022,134
2310605,Penaforte - CE,2023,134
2310605,Penaforte - CE,2024,158
2310704,Pentecoste - CE,2020,553
2310704,Pentecoste - CE,2021,499
2310704,Pentecoste - CE,2022,466
2310704,Pentecoste - CE,2023,470
2310704,Pentecoste - CE,2024,432
2310803,Pereiro - CE,2020,193
2310803,Pereiro - CE,2021,213
2310803,Pereiro - CE,2022,178
2310803,Pereiro - CE,2023,196
2310803,Pereiro - CE,2024,175
2310852,Pindoretama - CE,2020,344
2310852,Pindoretama - CE,2021,357
2310852,Pindoretama - CE,2022,296
2310852,Pindoretama - CE,2023,339
2310852,Pindoretama - CE,2024,293
2310902,Piquet Carneiro - CE,2020,118
2310902,Piquet Carneiro - CE,2021,163
2310902,Piquet Carneiro - CE,2022,134
2310902,Piquet Carneiro - CE,2023,132
2310902,Piquet Carneiro - CE,2024,138
2310951,Pires Ferreira - CE,2020,93
2310951,Pires Ferreira - CE,2021,100
2310951,Pires Ferreira - CE,2022,104
2310951,Pires Ferreira - CE,2023,71
2310951,Pires Ferreira - CE,2024,87
2311009,Poranga - CE,2020,163
2311009,Poranga - CE,2021,150
2311009,Poranga - CE,2022,127
2311009,Poranga - CE,2023,135
2311009,Poranga - CE,2024,114
2311108,Porteiras - CE,2020,232
2311108,Porteiras - CE,2021,256
2311108,Porteiras - CE,2022,256
2311108,Porteiras - CE,2023,225
2311108,Porteiras - CE,2024,228
2311207,Potengi - CE,2020,105
2311207,Potengi - CE,2021,135
2311207,Potengi - CE,2022,98
2311207,Potengi - CE,2023,107
2311207,Potengi - CE,2024,102
2311231,Potiretama - CE,2020,72
2311231,Potiretama - CE,2021,84
2311231,Potiretama - CE,2022,86
2311231,Potiretama - CE,2023,80
2311231,Potiretama - CE,2024,69
2311264,Quiterianópolis - CE,2020,226
2311264,Quiterianópolis - CE,2021,235
2311264,Quiterianópolis - CE,2022,233
2311264,Quiterianópolis - CE,2023,213
2311264,Quiterianópolis - CE,2024,220
2311306,Quixadá - CE,2020,1216
2311306,Quixadá - CE,2021,1186
2311306,Quixadá - CE,2022,1204
2311306,Quixadá - CE,2023,1146
2311306,Quixadá - CE,2024,1122
2311355,Quixelô - CE,2020,187
2311355,Quixelô - CE,2021,182
2311355,Quixelô - CE,2022,175
2311355,Quixelô - CE,2023,152
2311355,Quixelô - CE,2024,150
2311405,Quixeramobim - CE,2020,1087
2311405,Quixeramobim - CE,2021,1103
2311405,Quixeramobim - CE,2022,1062
2311405,Quixeramobim - CE,2023,1071
2311405,Quixeramobim - CE,2024,963
2311504,Quixeré - CE,2020,274
2311504,Quixeré - CE,2021,248
2311504,Quixeré - CE,2022,268
2311504,Quixeré - CE,2023,268
2311504,Quixeré - CE,2024,222
2311603,Redenção - CE,2020,423
2311603,Redenção - CE,2021,394
2311603,Redenção - CE,2022,325
2311603,Redenção - CE,2023,360
2311603,Redenção - CE,2024,333
2311702,Reriutaba - CE,2020,226
2311702,Reriutaba - CE,2021,260
2311702,Reriutaba - CE,2022,219
2311702,Reriutaba - CE,2023,232
2311702,Reriutaba - CE,2024,222
2311801,Russas - CE,2020,899
2311801,Russas - CE,2021,910
2311801,Russas - CE,2022,877
2311801,Russas - CE,2023,793
2311801,Russas - CE,2024,751
2311900,Saboeiro - CE,2020,175
2311900,Saboeiro - CE,2021,202
2311900,Saboeiro - CE,2022,155
2311900,Saboeiro - CE,2023,179
2311900,Saboeiro - CE,2024,144
2311959,Salitre - CE,2020,278
2311959,Salitre - CE,2021,358
2311959,Salitre - CE,2022,317
2311959,Salitre - CE,2023,309
2311959,Salitre - CE,2024,288
2312007,Santana do Acaraú - CE,2020,412
2312007,Santana do Acaraú - CE,2021,393
2312007,Santana do Acaraú - CE,2022,387
2312007,Santana do Acaraú - CE,2023,373
2312007,Santana do Acaraú - CE,2024,365
2312106,Santana do Cariri - CE,2020,224
2312106,Santana do Cariri - CE,2021,244
2312106,Santana do Cariri - CE,2022,218
2312106,Santana do Cariri - CE,2023,209
2312106,Santana do Cariri - CE,2024,196
2312205,Santa Quitéria - CE,2020,544
2312205,Santa Quitéria - CE,2021,484
2312205,Santa Quitéria - CE,2022,462
2312205,Santa Quitéria - CE,2023,433
2312205,Santa Quitéria - CE,2024,412
2312304,São Benedito - CE,2020,770
2312304,São Benedito - CE,2021,738
2312304,São Benedito - CE,2022,759
2312304,São Benedito - CE,2023,678
2312304,São Benedito - CE,2024,641
2312403,São Gonçalo do Amarante - CE,2020,811
2312403,São Gonçalo do Amarante - CE,2021,833
2312403,São Gonçalo do Amarante - CE,2022,812
2312403,São Gonçalo do Amarante - CE,2023,856
2312403,São Gonçalo do Amarante - CE,2024,774
2312502,São João do Jaguaribe - CE,2020,59
2312502,São João do Jaguaribe - CE,2021,49
2312502,São João do Jaguaribe - CE,2022,32
2312502,São João do Jaguaribe - CE,2023,42
2312502,São João do Jaguaribe - CE,2024,34
2312601,São Luís do Curu - CE,2020,153
2312601,São Luís do Curu - CE,2021,147
2312601,São Luís do Curu - CE,2022,117
2312601,São Luís do Curu - CE,2023,85
2312601,São Luís do Curu - CE,2024,89
2312700,Senador Pompeu - CE,2020,281
2312700,Senador Pompeu - CE,2021,291
2312700,Senador Pompeu - CE,2022,263
2312700,Senador Pompeu - CE,2023,249
2312700,Senador Pompeu - CE,2024,225
2312809,Senador Sá - CE,2020,113
2312809,Senador Sá - CE,2021,108
2312809,Senador Sá - CE,2022,103
2312809,Senador Sá - CE,2023,119
2312809,Senador Sá - CE,2024,105
2312908,Sobral - CE,2020,2744
2312908,Sobral - CE,2021,2793
2312908,Sobral - CE,2022,2749
2312908,Sobral - CE,2023,2727
2312908,Sobral - CE,2024,2451
2313005,Solonópole - CE,2020,161
2313005,Solonópole - CE,2021,213
2313005,Solonópole - CE,2022,161
2313005,Solonópole - CE,2023,177
2313005,Solonópole - CE,2024,151
2313104,Tabuleiro do Norte - CE,2020,369
2313104,Tabuleiro do Norte - CE,2021,355
2313104,Tabuleiro do Norte - CE,2022,320
2313104,Tabuleiro do Norte - CE,2023,314
2313104,Tabuleiro do Norte - CE,2024,302
2313203,Tamboril - CE,2020,310
2313203,Tamboril - CE,2021,329
2313203,Tamboril - CE,2022,331
2313203,Tamboril - CE,2023,286
2313203,Tamboril - CE,2024,254
2313252,Tarrafas - CE,2020,100
2313252,Tarrafas - CE,2021,89
2313252,Tarrafas - CE,2022,77
2313252,Tarrafas - CE,2023,79
2313252,Tarrafas - CE,2024,65
2313302,Tauá - CE,2020,724
2313302,Tauá - CE,2021,760
2313302,Tauá - CE,2022,691
2313302,Tauá - CE,2023,615
2313302,Tauá - CE,2024,681
2313351,Tejuçuoca - CE,2020,257
2313351,Tejuçuoca - CE,2021,229
2313351,Tejuçuoca - CE,2022,253
2313351,Tejuçuoca - CE,2023,199
2313351,Tejuçuoca - CE,2024,214
2313401,Tianguá - CE,2020,1390
2313401,Tianguá - CE,2021,1432
2313401,Tianguá - CE,2022,1373
2313401,Tianguá - CE,2023,1397
2313401,Tianguá - CE,2024,1359
2313500,Trairi - CE,2020,830
2313500,Trairi - CE,2021,828
2313500,Trairi - CE,2022,818
2313500,Trairi - CE,2023,845
2313500,Trairi - CE,2024,811
2313559,Tururu - CE,2020,244
2313559,Tururu - CE,2021,262
2313559,Tururu - CE,2022,253
2313559,Tururu - CE,2023,262
2313559,Tururu - CE,2024,188
2313609,Ubajara - CE,2020,507
2313609,Ubajara - CE,2021,492
2313609,Ubajara - CE,2022,459
2313609,Ubajara - CE,2023,498
2313609,Ubajara - CE,2024,474
2313708,Umari - CE,2020,83
2313708,Umari - CE,2021,85
2313708,Umari - CE,2022,73
2313708,Umari - CE,2023,65
2313708,Umari - CE,2024,63
2313757,Umirim - CE,2020,282
2313757,Umirim - CE,2021,233
2313757,Umirim - CE,2022,260
2313757,Umirim - CE,2023,228
2313757,Umirim - CE,2024,218
2313807,Uruburetama - CE,2020,339
2313807,Uruburetama - CE,2021,325
2313807,Uruburetama - CE,2022,316
2313807,Uruburetama - CE,2023,293
2313807,Uruburetama - CE,2024,286
2313906,Uruoca - CE,2020,162
2313906,Uruoca - CE,2021,163
2313906,Uruoca - CE,2022,166
2313906,Uruoca - CE,2023,143
2313906,Uruoca - CE,2024,145
2313955,Varjota - CE,2020,257
2313955,Varjota - CE,2021,249
2313955,Varjota - CE,2022,241
2313955,Varjota - CE,2023,209
2313955,Varjota - CE,2024,217
2314003,Várzea Alegre - CE,2020,455
2314003,Várzea Alegre - CE,2021,441
2314003,Várzea Alegre - CE,2022,400
2314003,Várzea Alegre - CE,2023,431
2314003,Várzea Alegre - CE,2024,379
2314102,Viçosa do Ceará - CE,2020,989
2314102,Viçosa do Ceará - CE,2021,974
2314102,Viçosa do Ceará - CE,2022,861
2314102,Viçosa do Ceará - CE,2023,835
2314102,Viçosa do Ceará - CE,2024,848
