cod_ibge,municipio,ano,obitos
2300101,Abaiara - CE,2014,41
2300101,Abaiara - CE,2015,42
2300101,Abaiara - CE,2016,65
2300150,Acarape - CE,2014,58
2300150,Acarape - CE,2015,74
2300150,Acarape - CE,2016,92
2300200,Acaraú - CE,2014,283
2300200,Acaraú - CE,2015,326
2300200,Acaraú - CE,2016,305
2300309,Acopiara - CE,2014,315
2300309,Acopiara - CE,2015,321
2300309,Acopiara - CE,2016,367
2300408,Aiuaba - CE,2014,72
2300408,Aiuaba - CE,2015,83
2300408,Aiuaba - CE,2016,79
2300507,Alcântaras - CE,2014,60
2300507,Alcântaras - CE,2015,85
2300507,Alcântaras - CE,2016,69
2300606,Altaneira - CE,2014,51
2300606,Altaneira - CE,2015,4
2300606,Altaneira - CE,2016,48
2300705,Alto Santo - CE,2014,75
2300705,Alto Santo - CE,2015,78
2300705,Alto Santo - CE,2016,90
2300754,Amontada - CE,2014,158
2300754,Amontada - CE,2015,155
2300754,Amontada - CE,2016,154
2300804,Antonina do Norte - CE,2014,51
2300804,Antonina do Norte - CE,2015,28
2300804,Antonina do Norte - CE,2016,60
2300903,Apuiarés - CE,2014,56
2300903,Apuiarés - CE,2015,88
2300903,Apuiarés - CE,2016,89
2301000,Aquiraz - CE,2014,309
2301000,Aquiraz - CE,2015,400
2301000,Aquiraz - CE,2016,406
2301109,Aracati - CE,2014,345
2301109,Aracati - CE,2015,345
2301109,Aracati - CE,2016,382
2301208,Aracoiaba - CE,2014,144
2301208,Aracoiaba - CE,2015,184
2301208,Aracoiaba - CE,2016,170
2301257,Ararendá - CE,2014,73
2301257,Ararendá - CE,2015,102
2301257,Ararendá - CE,2016,74
2301307,Araripe - CE,2014,123
2301307,Araripe - CE,2015,127
2301307,Araripe - CE,2016,146
2301406,Aratuba - CE,2014,65
2301406,Aratuba - CE,2015,72
2301406,Aratuba - CE,2016,73
2301505,Arneiroz - CE,2014,33
2301505,Arneiroz - CE,2015,53
2301505,Arneiroz - CE,2016,39
2301604,Assaré - CE,2014,128
2301604,Assaré - CE,2015,123
2301604,Assaré - CE,2016,148
2301703,Aurora - CE,2014,141
2301703,Aurora - CE,2015,132
2301703,Aurora - CE,2016,160
2301802,Baixio - CE,2014,27
2301802,Baixio - CE,2015,36
2301802,Baixio - CE,2016,29
2301851,Banabuiú - CE,2014,67
2301851,Banabuiú - CE,2015,86
2301851,Banabuiú - CE,2016,97
2301901,Barbalha - CE,2014,365
2301901,Barbalha - CE,2015,400
2301901,Barbalha - CE,2016,412
2301950,Barreira - CE,2014,96
2301950,Barreira - CE,2015,126
2301950,Barreira - CE,2016,135
2302008,Barro - CE,2014,111
2302008,Barro - CE,2015,136
2302008,Barro - CE,2016,122
2302057,Barroquinha - CE,2014,70
2302057,Barroquinha - CE,2015,71
2302057,Barroquinha - CE,2016,85
2302107,Baturité - CE,2014,148
2302107,Baturité - CE,2015,204
2302107,Baturité - CE,2016,234
2302206,Beberibe - CE,2014,213
2302206,Beberibe - CE,2015,266
2302206,Beberibe - CE,2016,279
2302305,Bela Cruz - CE,2014,144
2302305,Bela Cruz - CE,2015,158
2302305,Bela Cruz - CE,2016,167
2302404,Boa Viagem - CE,2014,332
2302404,Boa Viagem - CE,2015,348
2302404,Boa Viagem - CE,2016,364
2302503,Brejo Santo - CE,2014,261
2302503,Brejo Santo - CE,2015,273
2302503,Brejo Santo - CE,2016,259
2302602,Camocim - CE,2014,318
2302602,Camocim - CE,2015,355
2302602,Camocim - CE,2016,321
2302701,Campos Sales - CE,2014,164
2302701,Campos Sales - CE,2015,182
2302701,Campos Sales - CE,2016,191
2302800,Canindé - CE,2014,405
2302800,Canindé - CE,2015,459
2302800,Canindé - CE,2016,515
2302909,Capistrano - CE,2014,78
2302909,Capistrano - CE,2015,107
2302909,Capistrano - CE,2016,123
2303006,Caridade - CE,2014,118
2303006,Caridade - CE,2015,100
2303006,Caridade - CE,2016,119
2303105,Cariré - CE,2014,122
2303105,Cariré - CE,2015,113
2303105,Cariré - CE,2016,134
2303204,Caririaçu - CE,2014,145
2303204,Caririaçu - CE,2015,121
2303204,Caririaçu - CE,2016,151
2303303,Cariús - CE,2014,103
2303303,Cariús - CE,2015,103
2303303,Cariús - CE,2016,114
2303402,Carnaubal - CE,2014,97
2303402,Carnaubal - CE,2015,80
2303402,Carnaubal - CE,2016,98
2303501,Cascavel - CE,2014,339
2303501,Cascavel - CE,2015,365
2303501,Cascavel - CE,2016,293
2303600,Catarina - CE,2014,76
2303600,Catarina - CE,2015,63
2303600,Catarina - CE,2016,86
2303659,Catunda - CE,2014,74
2303659,Catunda - CE,2015,41
2303659,Catunda - CE,2016,60
2303709,Caucaia - CE,2014,1226
2303709,Caucaia - CE,2015,1646
2303709,Caucaia - CE,2016,1698
2303808,Cedro - CE,2014,159
2303808,Cedro - CE,2015,142
2303808,Cedro - CE,2016,167
2303907,Chaval - CE,2014,56
2303907,Chaval - CE,2015,76
2303907,Chaval - CE,2016,77
2303931,Choró - CE,2014,61
2303931,Choró - CE,2015,69
2303931,Choró - CE,2016,60
2303956,Chorozinho - CE,2014,102
2303956,Chorozinho - CE,2015,122
2303956,Chorozinho - CE,2016,116
2304004,Coreaú - CE,2014,126
2304004,Coreaú - CE,2015,137
2304004,Coreaú - CE,2016,140
2304103,Crateús - CE,2014,520
2304103,Crateús - CE,2015,516
2304103,Crateús - CE,2016,547
2304202,Crato - CE,2014,803
2304202,Crato - CE,2015,816
2304202,Crato - CE,2016,859
2304236,Croatá - CE,2014,121
2304236,Croatá - CE,2015,120
2304236,Croatá - CE,2016,107
2304251,Cruz - CE,2014,111
2304251,Cruz - CE,2015,145
2304251,Cruz - CE,2016,132
2304269,Deputado Irapuan Pinheiro - CE,2014,61
2304269,Deputado Irapuan Pinheiro - CE,2015,61
2304269,Deputado Irapuan Pinheiro - CE,2016,64
2304277,Ereré - CE,2014,39
2304277,Ereré - CE,2015,39
2304277,Ereré - CE,2016,34
2304285,Eusébio - CE,2014,205
2304285,Eusébio - CE,2015,279
2304285,Eusébio - CE,2016,255
2304301,Farias Brito - CE,2014,107
2304301,Farias Brito - CE,2015,94
2304301,Farias Brito - CE,2016,124
2304350,Forquilha - CE,2014,147
2304350,Forquilha - CE,2015,120
2304350,Forquilha - CE,2016,147
2304400,Fortaleza - CE,2014,16825
2304400,Fortaleza - CE,2015,16125
2304400,Fortaleza - CE,2016,15121
2304459,Fortim - CE,2014,80
2304459,Fortim - CE,2015,56
2304459,Fortim - CE,2016,75
2304509,Frecheirinha - CE,2014,83
2304509,Frecheirinha - CE,2015,100
2304509,Frecheirinha - CE,2016,101
2304608,General Sampaio - CE,2014,37
2304608,General Sampaio - CE,2015,39
2304608,General Sampaio - CE,2016,52
2304657,Graça - CE,2014,97
2304657,Graça - CE,2015,113
2304657,Graça - CE,2016,109
2304707,Granja - CE,2014,223
2304707,Granja - CE,2015,268
2304707,Granja - CE,2016,274
2304806,Granjeiro - CE,2014,22
2304806,Granjeiro - CE,2015,8
2304806,Granjeiro - CE,2016,24
2304905,Groaíras - CE,2014,65
2304905,Groaíras - CE,2015,86
2304905,Groaíras - CE,2016,62
2304954,Guaiúba - CE,2014,86
2304954,Guaiúba - CE,2015,128
2304954,Guaiúba - CE,2016,130
2305001,Guaraciaba do Norte - CE,2014,225
2305001,Guaraciaba do Norte - CE,2015,263
2305001,Guaraciaba do Norte - CE,2016,251
2305100,Guaramiranga - CE,2014,31
2305100,Guaramiranga - CE,2015,41
2305100,Guaramiranga - CE,2016,34
2305209,Hidrolândia - CE,2014,133
2305209,Hidrolândia - CE,2015,137
2305209,Hidrolândia - CE,2016,153
2305233,Horizonte - CE,2014,284
2305233,Horizonte - CE,2015,311
2305233,Horizonte - CE,2016,307
2305266,Ibaretama - CE,2014,67
2305266,Ibaretama - CE,2015,77
2305266,Ibaretama - CE,2016,80
2305308,Ibiapina - CE,2014,154
2305308,Ibiapina - CE,2015,156
2305308,Ibiapina - CE,2016,161
2305332,Ibicuitinga - CE,2014,64
2305332,Ibicuitinga - CE,2015,63
2305332,Ibicuitinga - CE,2016,65
2305357,Icapuí - CE,2014,78
2305357,Icapuí - CE,2015,88
2305357,Icapuí - CE,2016,94
2305407,Icó - CE,2014,424
2305407,Icó - CE,2015,406
2305407,Icó - CE,2016,411
2305506,Iguatu - CE,2014,590
2305506,Iguatu - CE,2015,608
2305506,Iguatu - CE,2016,667
2305605,Independência - CE,2014,172
2305605,Independência - CE,2015,188
2305605,Independência - CE,2016,165
2305654,Ipaporanga - CE,2014,78
2305654,Ipaporanga - CE,2015,87
2305654,Ipaporanga - CE,2016,90
2305704,Ipaumirim - CE,2014,79
2305704,Ipaumirim - CE,2015,71
2305704,Ipaumirim - CE,2016,80
2305803,Ipu - CE,2014,257
2305803,Ipu - CE,2015,265
2305803,Ipu - CE,2016,261
2305902,Ipueiras - CE,2014,276
2305902,Ipueiras - CE,2015,306
2305902,Ipueiras - CE,2016,285
2306009,Iracema - CE,2014,86
2306009,Iracema - CE,2015,115
2306009,Iracema - CE,2016,109
2306108,Irauçuba - CE,2014,97
2306108,Irauçuba - CE,2015,112
2306108,Irauçuba - CE,2016,131
2306207,Itaiçaba - CE,2014,41
2306207,Itaiçaba - CE,2015,41
2306207,Itaiçaba - CE,2016,45
2306256,Itaitinga - CE,2014,119
2306256,Itaitinga - CE,2015,229
2306256,Itaitinga - CE,2016,194
2306306,Itapajé - CE,2014,281
2306306,Itapajé - CE,2015,220
2306306,Itapajé - CE,2016,260
2306405,Itapipoca - CE,2014,579
2306405,Itapipoca - CE,2015,673
2306405,Itapipoca - CE,2016,553
2306504,Itapiúna - CE,2014,104
2306504,Itapiúna - CE,2015,115
2306504,Itapiúna - CE,2016,142
2306553,Itarema - CE,2014,162
2306553,Itarema - CE,2015,166
2306553,Itarema - CE,2016,168
2306603,Itatira - CE,2014,131
2306603,Itatira - CE,2015,117
2306603,Itatira - CE,2016,128
2306702,Jaguaretama - CE,2014,104
2306702,Jaguaretama - CE,2015,122
2306702,Jaguaretama - CE,2016,126
2306801,Jaguaribara - CE,2014,63
2306801,Jaguaribara - CE,2015,71
2306801,Jaguaribara - CE,2016,59
2306900,Jaguaribe - CE,2014,203
2306900,Jaguaribe - CE,2015,235
2306900,Jaguaribe - CE,2016,240
2307007,Jaguaruana - CE,2014,168
2307007,Jaguaruana - CE,2015,192
2307007,Jaguaruana - CE,2016,205
2307106,Jardim - CE,2014,133
2307106,Jardim - CE,2015,170
2307106,Jardim - CE,2016,169
2307205,Jati - CE,2014,48
2307205,Jati - CE,2015,48
2307205,Jati - CE,2016,44
2307254,Jijoca de Jericoacoara - CE,2014,68
2307254,Jijoca de Jericoacoara - CE,2015,74
2307254,Jijoca de Jericoacoara - CE,2016,88
2307304,Juazeiro do Norte - CE,2014,1593
2307304,Juazeiro do Norte - CE,2015,2269
2307304,Juazeiro do Norte - CE,2016,1933
2307403,Jucás - CE,2014,147
2307403,Jucás - CE,2015,149
2307403,Jucás - CE,2016,150
2307502,Lavras da Mangabeira - CE,2014,214
2307502,Lavras da Mangabeira - CE,2015,193
2307502,Lavras da Mangabeira - CE,2016,210
2307601,Limoeiro do Norte - CE,2014,300
2307601,Limoeiro do Norte - CE,2015,367
2307601,Limoeiro do Norte - CE,2016,363
2307635,Madalena - CE,2014,90
2307635,Madalena - CE,2015,103
2307635,Madalena - CE,2016,109
2307650,Maracanaú - CE,2014,925
2307650,Maracanaú - CE,2015,1169
2307650,Maracanaú - CE,2016,1201
2307700,Maranguape - CE,2014,460
2307700,Maranguape - CE,2015,570
2307700,Maranguape - CE,2016,593
2307809,Marco - CE,2014,144
2307809,Marco - CE,2015,146
2307809,Marco - CE,2016,116
2307908,Martinópole - CE,2014,60
2307908,Martinópole - CE,2015,63
2307908,Martinópole - CE,2016,59
2308005,Massapê - CE,2014,135
2308005,Massapê - CE,2015,202
2308005,Massapê - CE,2016,234
2308104,Mauriti - CE,2014,179
2308104,Mauriti - CE,2015,126
2308104,Mauriti - CE,2016,215
2308203,Meruoca - CE,2014,85
2308203,Meruoca - CE,2015,64
2308203,Meruoca - CE,2016,77
2308302,Milagres - CE,2014,175
2308302,Milagres - CE,2015,171
2308302,Milagres - CE,2016,160
2308351,Milhã - CE,2014,101
2308351,Milhã - CE,2015,114
2308351,Milhã - CE,2016,98
2308377,Miraíma - CE,2014,60
2308377,Miraíma - CE,2015,65
2308377,Miraíma - CE,2016,67
2308401,Missão Velha - CE,2014,205
2308401,Missão Velha - CE,2015,157
2308401,Missão Velha - CE,2016,207
2308500,Mombaça - CE,2014,237
2308500,Mombaça - CE,2015,329
2308500,Mombaça - CE,2016,333
2308609,Monsenhor Tabosa - CE,2014,95
2308609,Monsenhor Tabosa - CE,2015,107
2308609,Monsenhor Tabosa - CE,2016,104
2308708,Morada Nova - CE,2014,402
2308708,Morada Nova - CE,2015,434
2308708,Morada Nova - CE,2016,396
2308807,Moraújo - CE,2014,50
2308807,Moraújo - CE,2015,44
2308807,Moraújo - CE,2016,52
2308906,Morrinhos - CE,2014,110
2308906,Morrinhos - CE,2015,126
2308906,Morrinhos - CE,2016,104
2309003,Mucambo - CE,2014,91
2309003,Mucambo - CE,2015,128
2309003,Mucambo - CE,2016,109
2309102,Mulungu - CE,2014,49
2309102,Mulungu - CE,2015,62
2309102,Mulungu - CE,2016,55
2309201,Nova Olinda - CE,2014,90
2309201,Nova Olinda - CE,2015,5
2309201,Nova Olinda - CE,2016,102
2309300,Nova Russas - CE,2014,215
2309300,Nova Russas - CE,2015,285
2309300,Nova Russas - CE,2016,251
2309409,Novo Oriente - CE,2014,178
2309409,Novo Oriente - CE,2015,201
2309409,Novo Oriente - CE,2016,178
2309458,Ocara - CE,2014,134
2309458,Ocara - CE,2015,131
2309458,Ocara - CE,2016,147
2309508,Orós - CE,2014,147
2309508,Orós - CE,2015,138
2309508,Orós - CE,2016,169
2309607,Pacajus - CE,2014,270
2309607,Pacajus - CE,2015,327
2309607,Pacajus - CE,2016,337
2309706,Pacatuba - CE,2014,240
2309706,Pacatuba - CE,2015,310
2309706,Pacatuba - CE,2016,290
2309805,Pacoti - CE,2014,52
2309805,Pacoti - CE,2015,74
2309805,Pacoti - CE,2016,77
2309904,Pacujá - CE,2014,57
2309904,Pacujá - CE,2015,58
2309904,Pacujá - CE,2016,55
2310001,Palhano - CE,2014,50
2310001,Palhano - CE,2015,60
2310001,Palhano - CE,2016,54
2310100,Palmácia - CE,2014,48
2310100,Palmácia - CE,2015,57
2310100,Palmácia - CE,2016,51
2310209,Paracuru - CE,2014,139
2310209,Paracuru - CE,2015,196
2310209,Paracuru - CE,2016,183
2310258,Paraipaba - CE,2014,116
2310258,Paraipaba - CE,2015,149
2310258,Paraipaba - CE,2016,189
2310308,Parambu - CE,2014,180
2310308,Parambu - CE,2015,222
2310308,Parambu - CE,2016,224
2310407,Paramoti - CE,2014,71
2310407,Paramoti - CE,2015,87
2310407,Paramoti - CE,2016,68
2310506,Pedra Branca - CE,2014,274
2310506,Pedra Branca - CE,2015,269
2310506,Pedra Branca - CE,2016,284
2310605,Penaforte - CE,2014,68
2310605,Penaforte - CE,2015,47
2310605,Penaforte - CE,2016,51
2310704,Pentecoste - CE,2014,165
2310704,Pentecoste - CE,2015,184
2310704,Pentecoste - CE,2016,189
2310803,Pereiro - CE,2014,79
2310803,Pereiro - CE,2015,106
2310803,Pereiro - CE,2016,106
2310852,Pindoretama - CE,2014,119
2310852,Pindoretama - CE,2015,137
2310852,Pindoretama - CE,2016,138
2310902,Piquet Carneiro - CE,2014,121
2310902,Piquet Carneiro - CE,2015,130
2310902,Piquet Carneiro - CE,2016,117
2310951,Pires Ferreira - CE,2014,77
2310951,Pires Ferreira - CE,2015,47
2310951,Pires Ferreira - CE,2016,65
2311009,Poranga - CE,2014,74
2311009,Poranga - CE,2015,85
2311009,Poranga - CE,2016,76
2311108,Porteiras - CE,2014,83
2311108,Porteiras - CE,2015,82
2311108,Porteiras - CE,2016,64
2311207,Potengi - CE,2014,71
2311207,Potengi - CE,2015,63
2311207,Potengi - CE,2016,65
2311231,Potiretama - CE,2014,28
2311231,Potiretama - CE,2015,46
2311231,Potiretama - CE,2016,36
2311264,Quiterianópolis - CE,2014,97
2311264,Quiterianópolis - CE,2015,129
2311264,Quiterianópolis - CE,2016,123
2311306,Quixadá - CE,2014,400
2311306,Quixadá - CE,2015,440
2311306,Quixadá - CE,2016,589
2311355,Quixelô - CE,2014,112
2311355,Quixelô - CE,2015,101
2311355,Quixelô - CE,2016,130
2311405,Quixeramobim - CE,2014,439
2311405,Quixeramobim - CE,2015,280
2311405,Quixeramobim - CE,2016,473
2311504,Quixeré - CE,2014,118
2311504,Quixeré - CE,2015,109
2311504,Quixeré - CE,2016,130
2311603,Redenção - CE,2014,158
2311603,Redenção - CE,2015,207
2311603,Redenção - CE,2016,198
2311702,Reriutaba - CE,2014,137
2311702,Reriutaba - CE,2015,144
2311702,Reriutaba - CE,2016,131
2311801,Russas - CE,2014,388
2311801,Russas - CE,2015,409
2311801,Russas - CE,2016,455
2311900,Saboeiro - CE,2014,76
2311900,Saboeiro - CE,2015,99
2311900,Saboeiro - CE,2016,82
2311959,Salitre - CE,2014,69
2311959,Salitre - CE,2015,71
2311959,Salitre - CE,2016,83
2312007,Santana do Acaraú - CE,2014,164
2312007,Santana do Acaraú - CE,2015,138
2312007,Santana do Acaraú - CE,2016,164
2312106,Santana do Cariri - CE,2014,104
2312106,Santana do Cariri - CE,2015,94
2312106,Santana do Cariri - CE,2016,93
2312205,Santa Quitéria - CE,2014,224
2312205,Santa Quitéria - CE,2015,272
2312205,Santa Quitéria - CE,2016,246
2312304,São Benedito - CE,2014,250
2312304,São Benedito - CE,2015,312
2312304,São Benedito - CE,2016,317
2312403,São Gonçalo do Amarante - CE,2014,192
2312403,São Gonçalo do Amarante - CE,2015,249
2312403,São Gonçalo do Amarante - CE,2016,273
2312502,São João do Jaguaribe - CE,2014,54
2312502,São João do Jaguaribe - CE,2015,62
2312502,São João do Jaguaribe - CE,2016,67
2312601,São Luís do Curu - CE,2014,77
2312601,São Luís do Curu - CE,2015,61
2312601,São Luís do Curu - CE,2016,82
2312700,Senador Pompeu - CE,2014,179
2312700,Senador Pompeu - CE,2015,207
2312700,Senador Pompeu - CE,2016,232
2312809,Senador Sá - CE,2014,29
2312809,Senador Sá - CE,2015,32
2312809,Senador Sá - CE,2016,32
2312908,Sobral - CE,2014,980
2312908,Sobral - CE,2015,1057
2312908,Sobral - CE,2016,1028
2313005,Solonópole - CE,2014,146
2313005,Solonópole - CE,2015,121
2313005,Solonópole - CE,2016,135
2313104,Tabuleiro do Norte - CE,2014,185
2313104,Tabuleiro do Norte - CE,2015,201
2313104,Tabuleiro do Norte - CE,2016,218
2313203,Tamboril - CE,2014,132
2313203,Tamboril - CE,2015,168
2313203,Tamboril - CE,2016,191
2313252,Tarrafas - CE,2014,45
2313252,Tarrafas - CE,2015,39
2313252,Tarrafas - CE,2016,49
2313302,Tauá - CE,2014,349
2313302,Tauá - CE,2015,385
2313302,Tauá - CE,2016,385
2313351,Tejuçuoca - CE,2014,72
2313351,Tejuçuoca - CE,2015,82
2313351,Tejuçuoca - CE,2016,83
2313401,Tianguá - CE,2014,345
2313401,Tianguá - CE,2015,400
2313401,Tianguá - CE,2016,423
2313500,Trairi - CE,2014,205
2313500,Trairi - CE,2015,238
2313500,Trairi - CE,2016,224
2313559,Tururu - CE,2014,65
2313559,Tururu - CE,2015,73
2313559,Tururu - CE,2016,70
2313609,Ubajara - CE,2014,164
2313609,Ubajara - CE,2015,198
2313609,Ubajara - CE,2016,162
2313708,Umari - CE,2014,52
2313708,Umari - CE,2015,43
2313708,Umari - CE,2016,51
2313757,Umirim - CE,2014,91
2313757,Umirim - CE,2015,102
2313757,Umirim - CE,2016,81
2313807,Uruburetama - CE,2014,87
2313807,Uruburetama - CE,2015,103
2313807,Uruburetama - CE,2016,141
2313906,Uruoca - CE,2014,48
2313906,Uruoca - CE,2015,65
2313906,Uruoca - CE,2016,79
2313955,Varjota - CE,2014,105
2313955,Varjota - CE,2015,111
2313955,Varjota - CE,2016,99
2314003,Várzea Alegre - CE,2014,247
2314003,Várzea Alegre - CE,2015,221
2314003,Várzea Alegre - CE,2016,264
2314102,Viçosa do Ceará - CE,2014,291
2314102,Viçosa do Ceará - CE,2015,297
2314102,Viçosa do Ceará - CE,2016,272
2300101,Abaiara - CE,2020,62
2300101,Abaiara - CE,2021,69
2300101,Abaiara - CE,2022,83
2300150,Acarape - CE,2020,120
2300150,Acarape - CE,2021,116
2300150,Acarape - CE,2022,82
2300200,Acaraú - CE,2020,382
2300200,Acaraú - CE,2021,411
2300200,Acaraú - CE,2022,361
2300309,Acopiara - CE,2020,412
2300309,Acopiara - CE,2021,413
2300309,Acopiara - CE,2022,425
2300408,Aiuaba - CE,2020,101
2300408,Aiuaba - CE,2021,113
2300408,Aiuaba - CE,2022,98
2300507,Alcântaras - CE,2020,73
2300507,Alcântaras - CE,2021,95
2300507,Alcântaras - CE,2022,75
2300606,Altaneira - CE,2020,55
2300606,Altaneira - CE,2021,75
2300606,Altaneira - CE,2022,63
2300705,Alto Santo - CE,2020,108
2300705,Alto Santo - CE,2021,119
2300705,Alto Santo - CE,2022,102
2300754,Amontada - CE,2020,203
2300754,Amontada - CE,2021,253
2300754,Amontada - CE,2022,269
2300804,Antonina do Norte - CE,2020,62
2300804,Antonina do Norte - CE,2021,66
2300804,Antonina do Norte - CE,2022,62
2300903,Apuiarés - CE,2020,86
2300903,Apuiarés - CE,2021,116
2300903,Apuiarés - CE,2022,103
2301000,Aquiraz - CE,2020,514
2301000,Aquiraz - CE,2021,603
2301000,Aquiraz - CE,2022,538
2301109,Aracati - CE,2020,460
2301109,Aracati - CE,2021,540
2301109,Aracati - CE,2022,482
2301208,Aracoiaba - CE,2020,211
2301208,Aracoiaba - CE,2021,229
2301208,Aracoiaba - CE,2022,227
2301257,Ararendá - CE,2020,92
2301257,Ararendá - CE,2021,111
2301257,Ararendá - CE,2022,102
2301307,Araripe - CE,2020,131
2301307,Araripe - CE,2021,137
2301307,Araripe - CE,2022,142
2301406,Aratuba - CE,2020,103
2301406,Aratuba - CE,2021,108
2301406,Aratuba - CE,2022,116
2301505,Arneiroz - CE,2020,65
2301505,Arneiroz - CE,2021,67
2301505,Arneiroz - CE,2022,60
2301604,Assaré - CE,2020,163
2301604,Assaré - CE,2021,171
2301604,Assaré - CE,2022,172
2301703,Aurora - CE,2020,180
2301703,Aurora - CE,2021,188
2301703,Aurora - CE,2022,208
2301802,Baixio - CE,2020,49
2301802,Baixio - CE,2021,48
2301802,Baixio - CE,2022,50
2301851,Banabuiú - CE,2020,107
2301851,Banabuiú - CE,2021,117
2301851,Banabuiú - CE,2022,106
2301901,Barbalha - CE,2020,459
2301901,Barbalha - CE,2021,565
2301901,Barbalha - CE,2022,497
2301950,Barreira - CE,2020,150
2301950,Barreira - CE,2021,169
2301950,Barreira - CE,2022,161
2302008,Barro - CE,2020,170
2302008,Barro - CE,2021,187
2302008,Barro - CE,2022,174
2302057,Barroquinha - CE,2020,124
2302057,Barroquinha - CE,2021,111
2302057,Barroquinha - CE,2022,109
2302107,Baturité - CE,2020,279
2302107,Baturité - CE,2021,295
2302107,Baturité - CE,2022,230
2302206,Beberibe - CE,2020,345
2302206,Beberibe - CE,2021,410
2302206,Beberibe - CE,2022,367
2302305,Bela Cruz - CE,2020,195
2302305,Bela Cruz - CE,2021,235
2302305,Bela Cruz - CE,2022,193
2302404,Boa Viagem - CE,2020,399
2302404,Boa Viagem - CE,2021,435
2302404,Boa Viagem - CE,2022,412
2302503,Brejo Santo - CE,2020,307
2302503,Brejo Santo - CE,2021,426
2302503,Brejo Santo - CE,2022,333
2302602,Camocim - CE,2020,491
2302602,Camocim - CE,2021,458
2302602,Camocim - CE,2022,373
2302701,Campos Sales - CE,2020,199
2302701,Campos Sales - CE,2021,236
2302701,Campos Sales - CE,2022,203
2302800,Canindé - CE,2020,638
2302800,Canindé - CE,2021,619
2302800,Canindé - CE,2022,557
2302909,Capistrano - CE,2020,138
2302909,Capistrano - CE,2021,138
2302909,Capistrano - CE,2022,105
2303006,Caridade - CE,2020,115
2303006,Caridade - CE,2021,157
2303006,Caridade - CE,2022,103
2303105,Cariré - CE,2020,132
2303105,Cariré - CE,2021,164
2303105,Cariré - CE,2022,149
2303204,Caririaçu - CE,2020,215
2303204,Caririaçu - CE,2021,213
2303204,Caririaçu - CE,2022,188
2303303,Cariús - CE,2020,142
2303303,Cariús - CE,2021,160
2303303,Cariús - CE,2022,130
2303402,Carnaubal - CE,2020,119
2303402,Carnaubal - CE,2021,167
2303402,Carnaubal - CE,2022,142
2303501,Cascavel - CE,2020,588
2303501,Cascavel - CE,2021,528
2303501,Cascavel - CE,2022,538
2303600,Catarina - CE,2020,88
2303600,Catarina - CE,2021,81
2303600,Catarina - CE,2022,85
2303659,Catunda - CE,2020,75
2303659,Catunda - CE,2021,87
2303659,Catunda - CE,2022,69
2303709,Caucaia - CE,2020,2154
2303709,Caucaia - CE,2021,2328
2303709,Caucaia - CE,2022,2063
2303808,Cedro - CE,2020,233
2303808,Cedro - CE,2021,249
2303808,Cedro - CE,2022,213
2303907,Chaval - CE,2020,99
2303907,Chaval - CE,2021,125
2303907,Chaval - CE,2022,104
2303931,Choró - CE,2020,75
2303931,Choró - CE,2021,81
2303931,Choró - CE,2022,67
2303956,Chorozinho - CE,2020,139
2303956,Chorozinho - CE,2021,173
2303956,Chorozinho - CE,2022,148
2304004,Coreaú - CE,2020,160
2304004,Coreaú - CE,2021,176
2304004,Coreaú - CE,2022,168
2304103,Crateús - CE,2020,666
2304103,Crateús - CE,2021,660
2304103,Crateús - CE,2022,667
2304202,Crato - CE,2020,982
2304202,Crato - CE,2021,912
2304202,Crato - CE,2022,966
2304236,Croatá - CE,2020,133
2304236,Croatá - CE,2021,151
2304236,Croatá - CE,2022,162
2304251,Cruz - CE,2020,150
2304251,Cruz - CE,2021,196
2304251,Cruz - CE,2022,189
2304269,Deputado Irapuan Pinheiro - CE,2020,76
2304269,Deputado Irapuan Pinheiro - CE,2021,80
2304269,Deputado Irapuan Pinheiro - CE,2022,75
2304277,Ereré - CE,2020,36
2304277,Ereré - CE,2021,48
2304277,Ereré - CE,2022,46
2304285,Eusébio - CE,2020,379
2304285,Eusébio - CE,2021,428
2304285,Eusébio - CE,2022,346
2304301,Farias Brito - CE,2020,170
2304301,Farias Brito - CE,2021,164
2304301,Farias Brito - CE,2022,153
2304350,Forquilha - CE,2020,213
2304350,Forquilha - CE,2021,204
2304350,Forquilha - CE,2022,157
2304400,Fortaleza - CE,2020,20430
2304400,Fortaleza - CE,2021,21187
2304400,Fortaleza - CE,2022,17509
2304459,Fortim - CE,2020,86
2304459,Fortim - CE,2021,128
2304459,Fortim - CE,2022,116
2304509,Frecheirinha - CE,2020,114
2304509,Frecheirinha - CE,2021,111
2304509,Frecheirinha - CE,2022,122
2304608,General Sampaio - CE,2020,66
2304608,General Sampaio - CE,2021,51
2304608,General Sampaio - CE,2022,60
2304657,Graça - CE,2020,151
2304657,Graça - CE,2021,133
2304657,Graça - CE,2022,114
2304707,Granja - CE,2020,344
2304707,Granja - CE,2021,365
2304707,Granja - CE,2022,295
2304806,Granjeiro - CE,2020,25
2304806,Granjeiro - CE,2021,27
2304806,Granjeiro - CE,2022,33
2304905,Groaíras - CE,2020,102
2304905,Groaíras - CE,2021,121
2304905,Groaíras - CE,2022,103
2304954,Guaiúba - CE,2020,178
2304954,Guaiúba - CE,2021,175
2304954,Guaiúba - CE,2022,153
2305001,Guaraciaba do Norte - CE,2020,320
2305001,Guaraciaba do Norte - CE,2021,339
2305001,Guaraciaba do Norte - CE,2022,331
2305100,Guaramiranga - CE,2020,33
2305100,Guaramiranga - CE,2021,30
2305100,Guaramiranga - CE,2022,50
2305209,Hidrolândia - CE,2020,136
2305209,Hidrolândia - CE,2021,142
2305209,Hidrolândia - CE,2022,127
2305233,Horizonte - CE,2020,470
2305233,Horizonte - CE,2021,554
2305233,Horizonte - CE,2022,416
2305266,Ibaretama - CE,2020,93
2305266,Ibaretama - CE,2021,109
2305266,Ibaretama - CE,2022,96
2305308,Ibiapina - CE,2020,172
2305308,Ibiapina - CE,2021,188
2305308,Ibiapina - CE,2022,184
2305332,Ibicuitinga - CE,2020,96
2305332,Ibicuitinga - CE,2021,106
2305332,Ibicuitinga - CE,2022,106
2305357,Icapuí - CE,2020,119
2305357,Icapuí - CE,2021,131
2305357,Icapuí - CE,2022,129
2305407,Icó - CE,2020,479
2305407,Icó - CE,2021,529
2305407,Icó - CE,2022,489
2305506,Iguatu - CE,2020,740
2305506,Iguatu - CE,2021,810
2305506,Iguatu - CE,2022,747
2305605,Independência - CE,2020,209
2305605,Independência - CE,2021,226
2305605,Independência - CE,2022,219
2305654,Ipaporanga - CE,2020,99
2305654,Ipaporanga - CE,2021,128
2305654,Ipaporanga - CE,2022,87
2305704,Ipaumirim - CE,2020,98
2305704,Ipaumirim - CE,2021,91
2305704,Ipaumirim - CE,2022,93
2305803,Ipu - CE,2020,332
2305803,Ipu - CE,2021,368
2305803,Ipu - CE,2022,285
2305902,Ipueiras - CE,2020,330
2305902,Ipueiras - CE,2021,344
2305902,Ipueiras - CE,2022,331
2306009,Iracema - CE,2020,149
2306009,Iracema - CE,2021,117
2306009,Iracema - CE,2022,129
2306108,Irauçuba - CE,2020,146
2306108,Irauçuba - CE,2021,164
2306108,Irauçuba - CE,2022,149
2306207,Itaiçaba - CE,2020,55
2306207,Itaiçaba - CE,2021,78
2306207,Itaiçaba - CE,2022,57
2306256,Itaitinga - CE,2020,302
2306256,Itaitinga - CE,2021,343
2306256,Itaitinga - CE,2022,254
2306306,Itapajé - CE,2020,396
2306306,Itapajé - CE,2021,352
2306306,Itapajé - CE,2022,302
2306405,Itapipoca - CE,2020,785
2306405,Itapipoca - CE,2021,834
2306405,Itapipoca - CE,2022,744
2306504,Itapiúna - CE,2020,120
2306504,Itapiúna - CE,2021,140
2306504,Itapiúna - CE,2022,123
2306553,Itarema - CE,2020,261
2306553,Itarema - CE,2021,231
2306553,Itarema - CE,2022,270
2306603,Itatira - CE,2020,146
2306603,Itatira - CE,2021,151
2306603,Itatira - CE,2022,128
2306702,Jaguaretama - CE,2020,138
2306702,Jaguaretama - CE,2021,171
2306702,Jaguaretama - CE,2022,136
2306801,Jaguaribara - CE,2020,94
2306801,Jaguaribara - CE,2021,84
2306801,Jaguaribara - CE,2022,102
2306900,Jaguaribe - CE,2020,297
2306900,Jaguaribe - CE,2021,247
2306900,Jaguaribe - CE,2022,294
2307007,Jaguaruana - CE,2020,191
2307007,Jaguaruana - CE,2021,160
2307007,Jaguaruana - CE,2022,188
2307106,Jardim - CE,2020,209
2307106,Jardim - CE,2021,214
2307106,Jardim - CE,2022,214
2307205,Jati - CE,2020,58
2307205,Jati - CE,2021,64
2307205,Jati - CE,2022,61
2307254,Jijoca de Jericoacoara - CE,2020,104
2307254,Jijoca de Jericoacoara - CE,2021,117
2307254,Jijoca de Jericoacoara - CE,2022,124
2307304,Juazeiro do Norte - CE,2020,1715
2307304,Juazeiro do Norte - CE,2021,2198
2307304,Juazeiro do Norte - CE,2022,2064
2307403,Jucás - CE,2020,196
2307403,Jucás - CE,2021,222
2307403,Jucás - CE,2022,180
2307502,Lavras da Mangabeira - CE,2020,250
2307502,Lavras da Mangabeira - CE,2021,253
2307502,Lavras da Mangabeira - CE,2022,245
2307601,Limoeiro do Norte - CE,2020,439
2307601,Limoeiro do Norte - CE,2021,457
2307601,Limoeiro do Norte - CE,2022,455
2307635,Madalena - CE,2020,145
2307635,Madalena - CE,2021,139
2307635,Madalena - CE,2022,113
2307650,Maracanaú - CE,2020,1515
2307650,Maracanaú - CE,2021,1861
2307650,Maracanaú - CE,2022,1452
2307700,Maranguape - CE,2020,782
2307700,Maranguape - CE,2021,758
2307700,Maranguape - CE,2022,659
2307809,Marco - CE,2020,187
2307809,Marco - CE,2021,160
2307809,Marco - CE,2022,163
2307908,Martinópole - CE,2020,76
2307908,Martinópole - CE,2021,90
2307908,Martinópole - CE,2022,75
2308005,Massapê - CE,2020,264
2308005,Massapê - CE,2021,267
2308005,Massapê - CE,2022,229
2308104,Mauriti - CE,2020,296
2308104,Mauriti - CE,2021,364
2308104,Mauriti - CE,2022,309
2308203,Meruoca - CE,2020,115
2308203,Meruoca - CE,2021,108
2308203,Meruoca - CE,2022,101
2308302,Milagres - CE,2020,191
2308302,Milagres - CE,2021,233
2308302,Milagres - CE,2022,202
2308351,Milhã - CE,2020,114
2308351,Milhã - CE,2021,137
2308351,Milhã - CE,2022,96
2308377,Miraíma - CE,2020,74
2308377,Miraíma - CE,2021,67
2308377,Miraíma - CE,2022,70
2308401,Missão Velha - CE,2020,226
2308401,Missão Velha - CE,2021,261
2308401,Missão Velha - CE,2022,265
2308500,Mombaça - CE,2020,346
2308500,Mombaça - CE,2021,360
2308500,Mombaça - CE,2022,346
2308609,Monsenhor Tabosa - CE,2020,160
2308609,Monsenhor Tabosa - CE,2021,146
2308609,Monsenhor Tabosa - CE,2022,142
2308708,Morada Nova - CE,2020,519
2308708,Morada Nova - CE,2021,561
2308708,Morada Nova - CE,2022,488
2308807,Moraújo - CE,2020,54
2308807,Moraújo - CE,2021,77
2308807,Moraújo - CE,2022,74
2308906,Morrinhos - CE,2020,120
2308906,Morrinhos - CE,2021,131
2308906,Morrinhos - CE,2022,120
2309003,Mucambo - CE,2020,108
2309003,Mucambo - CE,2021,171
2309003,Mucambo - CE,2022,127
2309102,Mulungu - CE,2020,65
2309102,Mulungu - CE,2021,75
2309102,Mulungu - CE,2022,89
2309201,Nova Olinda - CE,2020,122
2309201,Nova Olinda - CE,2021,131
2309201,Nova Olinda - CE,2022,124
2309300,Nova Russas - CE,2020,252
2309300,Nova Russas - CE,2021,326
2309300,Nova Russas - CE,2022,270
2309409,Novo Oriente - CE,2020,226
2309409,Novo Oriente - CE,2021,264
2309409,Novo Oriente - CE,2022,251
2309458,Ocara - CE,2020,187
2309458,Ocara - CE,2021,211
2309458,Ocara - CE,2022,172
2309508,Orós - CE,2020,183
2309508,Orós - CE,2021,255
2309508,Orós - CE,2022,237
2309607,Pacajus - CE,2020,474
2309607,Pacajus - CE,2021,533
2309607,Pacajus - CE,2022,456
2309706,Pacatuba - CE,2020,442
2309706,Pacatuba - CE,2021,533
2309706,Pacatuba - CE,2022,413
2309805,Pacoti - CE,2020,92
2309805,Pacoti - CE,2021,95
2309805,Pacoti - CE,2022,102
2309904,Pacujá - CE,2020,52
2309904,Pacujá - CE,2021,65
2309904,Pacujá - CE,2022,50
2310001,Palhano - CE,2020,74
2310001,Palhano - CE,2021,69
2310001,Palhano - CE,2022,93
2310100,Palmácia - CE,2020,57
2310100,Palmácia - CE,2021,74
2310100,Palmácia - CE,2022,82
2310209,Paracuru - CE,2020,239
2310209,Paracuru - CE,2021,280
2310209,Paracuru - CE,2022,282
2310258,Paraipaba - CE,2020,203
2310258,Paraipaba - CE,2021,233
2310258,Paraipaba - CE,2022,213
2310308,Parambu - CE,2020,245
2310308,Parambu - CE,2021,289
2310308,Parambu - CE,2022,250
2310407,Paramoti - CE,2020,72
2310407,Paramoti - CE,2021,97
2310407,Paramoti - CE,2022,84
2310506,Pedra Branca - CE,2020,332
2310506,Pedra Branca - CE,2021,378
2310506,Pedra Branca - CE,2022,357
2310605,Penaforte - CE,2020,70
2310605,Penaforte - CE,2021,64
2310605,Penaforte - CE,2022,86
2310704,Pentecoste - CE,2020,267
2310704,Pentecoste - CE,2021,303
2310704,Pentecoste - CE,2022,257
2310803,Pereiro - CE,2020,114
2310803,Pereiro - CE,2021,114
2310803,Pereiro - CE,2022,132
2310852,Pindoretama - CE,2020,158
2310852,Pindoretama - CE,2021,166
2310852,Pindoretama - CE,2022,146
2310902,Piquet Carneiro - CE,2020,130
2310902,Piquet Carneiro - CE,2021,133
2310902,Piquet Carneiro - CE,2022,133
2310951,Pires Ferreira - CE,2020,70
2310951,Pires Ferreira - CE,2021,59
2310951,Pires Ferreira - CE,2022,70
2311009,Poranga - CE,2020,100
2311009,Poranga - CE,2021,114
2311009,Poranga - CE,2022,108
2311108,Porteiras - CE,2020,97
2311108,Porteiras - CE,2021,150
2311108,Porteiras - CE,2022,106
2311207,Potengi - CE,2020,64
2311207,Potengi - CE,2021,64
2311207,Potengi - CE,2022,78
2311231,Potiretama - CE,2020,34
2311231,Potiretama - CE,2021,42
2311231,Potiretama - CE,2022,62
2311264,Quiterianópolis - CE,2020,154
2311264,Quiterianópolis - CE,2021,157
2311264,Quiterianópolis - CE,2022,147
2311306,Quixadá - CE,2020,604
2311306,Quixadá - CE,2021,648
2311306,Quixadá - CE,2022,530
2311355,Quixelô - CE,2020,119
2311355,Quixelô - CE,2021,144
2311355,Quixelô - CE,2022,125
2311405,Quixeramobim - CE,2020,619
2311405,Quixeramobim - CE,2021,609
2311405,Quixeramobim - CE,2022,578
2311504,Quixeré - CE,2020,144
2311504,Quixeré - CE,2021,183
2311504,Quixeré - CE,2022,134
2311603,Redenção - CE,2020,229
2311603,Redenção - CE,2021,217
2311603,Redenção - CE,2022,208
2311702,Reriutaba - CE,2020,154
2311702,Reriutaba - CE,2021,177
2311702,Reriutaba - CE,2022,159
2311801,Russas - CE,2020,485
2311801,Russas - CE,2021,561
2311801,Russas - CE,2022,530
2311900,Saboeiro - CE,2020,135
2311900,Saboeiro - CE,2021,139
2311900,Saboeiro - CE,2022,123
2311959,Salitre - CE,2020,130
2311959,Salitre - CE,2021,125
2311959,Salitre - CE,2022,122
2312007,Santana do Acaraú - CE,2020,219
2312007,Santana do Acaraú - CE,2021,257
2312007,Santana do Acaraú - CE,2022,193
2312106,Santana do Cariri - CE,2020,102
2312106,Santana do Cariri - CE,2021,119
2312106,Santana do Cariri - CE,2022,118
2312205,Santa Quitéria - CE,2020,295
2312205,Santa Quitéria - CE,2021,326
2312205,Santa Quitéria - CE,2022,315
2312304,São Benedito - CE,2020,280
2312304,São Benedito - CE,2021,413
2312304,São Benedito - CE,2022,393
2312403,São Gonçalo do Amarante - CE,2020,329
2312403,São Gonçalo do Amarante - CE,2021,397
2312403,São Gonçalo do Amarante - CE,2022,342
2312502,São João do Jaguaribe - CE,2020,84
2312502,São João do Jaguaribe - CE,2021,75
2312502,São João do Jaguaribe - CE,2022,86
2312601,São Luís do Curu - CE,2020,106
2312601,São Luís do Curu - CE,2021,113
2312601,São Luís do Curu - CE,2022,77
2312700,Senador Pompeu - CE,2020,231
2312700,Senador Pompeu - CE,2021,220
2312700,Senador Pompeu - CE,2022,233
2312809,Senador Sá - CE,2020,63
2312809,Senador Sá - CE,2021,46
2312809,Senador Sá - CE,2022,38
2312908,Sobral - CE,2020,1389
2312908,Sobral - CE,2021,1545
2312908,Sobral - CE,2022,1209
2313005,Solonópole - CE,2020,144
2313005,Solonópole - CE,2021,173
2313005,Solonópole - CE,2022,144
2313104,Tabuleiro do Norte - CE,2020,220
2313104,Tabuleiro do Norte - CE,2021,265
2313104,Tabuleiro do Norte - CE,2022,260
2313203,Tamboril - CE,2020,206
2313203,Tamboril - CE,2021,252
2313203,Tamboril - CE,2022,226
2313252,Tarrafas - CE,2020,59
2313252,Tarrafas - CE,2021,60
2313252,Tarrafas - CE,2022,65
2313302,Tauá - CE,2020,456
2313302,Tauá - CE,2021,509
2313302,Tauá - CE,2022,471
2313351,Tejuçuoca - CE,2020,115
2313351,Tejuçuoca - CE,2021,88
2313351,Tejuçuoca - CE,2022,97
2313401,Tianguá - CE,2020,505
2313401,Tianguá - CE,2021,557
2313401,Tianguá - CE,2022,488
2313500,Trairi - CE,2020,332
2313500,Trairi - CE,2021,362
2313500,Trairi - CE,2022,351
2313559,Tururu - CE,2020,110
2313559,Tururu - CE,2021,125
2313559,Tururu - CE,2022,102
2313609,Ubajara - CE,2020,260
2313609,Ubajara - CE,2021,273
2313609,Ubajara - CE,2022,242
2313708,Umari - CE,2020,65
2313708,Umari - CE,2021,76
2313708,Umari - CE,2022,75
2313757,Umirim - CE,2020,139
2313757,Umirim - CE,2021,144
2313757,Umirim - CE,2022,111
2313807,Uruburetama - CE,2020,138
2313807,Uruburetama - CE,2021,146
2313807,Uruburetama - CE,2022,143
2313906,Uruoca - CE,2020,73
2313906,Uruoca - CE,2021,109
2313906,Uruoca - CE,2022,86
2313955,Varjota - CE,2020,151
2313955,Varjota - CE,2021,144
2313955,Varjota - CE,2022,136
2314003,Várzea Alegre - CE,2020,310
2314003,Várzea Alegre - CE,2021,322
2314003,Várzea Alegre - CE,2022,340
2314102,Viçosa do Ceará - CE,2020,436
2314102,Viçosa do Ceará - CE,2021,423
2314102,Viçosa do Ceará - CE,2022,374
2300101,Abaiara - CE,2017,61
2300101,Abaiara - CE,2018,59
2300101,Abaiara - CE,2019,62
2300150,Acarape - CE,2017,81
2300150,Acarape - CE,2018,93
2300150,Acarape - CE,2019,78
2300200,Acaraú - CE,2017,331
2300200,Acaraú - CE,2018,317
2300200,Acaraú - CE,2019,348
2300309,Acopiara - CE,2017,387
2300309,Acopiara - CE,2018,389
2300309,Acopiara - CE,2019,370
2300408,Aiuaba - CE,2017,95
2300408,Aiuaba - CE,2018,83
2300408,Aiuaba - CE,2019,75
2300507,Alcântaras - CE,2017,68
2300507,Alcântaras - CE,2018,70
2300507,Alcântaras - CE,2019,74
2300606,Altaneira - CE,2017,56
2300606,Altaneira - CE,2018,53
2300606,Altaneira - CE,2019,68
2300705,Alto Santo - CE,2017,104
2300705,Alto Santo - CE,2018,102
2300705,Alto Santo - CE,2019,91
2300754,Amontada - CE,2017,171
2300754,Amontada - CE,2018,199
2300754,Amontada - CE,2019,243
2300804,Antonina do Norte - CE,2017,54
2300804,Antonina do Norte - CE,2018,59
2300804,Antonina do Norte - CE,2019,39
2300903,Apuiarés - CE,2017,77
2300903,Apuiarés - CE,2018,84
2300903,Apuiarés - CE,2019,100
2301000,Aquiraz - CE,2017,441
2301000,Aquiraz - CE,2018,439
2301000,Aquiraz - CE,2019,454
2301109,Aracati - CE,2017,409
2301109,Aracati - CE,2018,396
2301109,Aracati - CE,2019,412
2301208,Aracoiaba - CE,2017,209
2301208,Aracoiaba - CE,2018,195
2301208,Aracoiaba - CE,2019,199
2301257,Ararendá - CE,2017,76
2301257,Ararendá - CE,2018,85
2301257,Ararendá - CE,2019,88
2301307,Araripe - CE,2017,105
2301307,Araripe - CE,2018,127
2301307,Araripe - CE,2019,143
2301406,Aratuba - CE,2017,74
2301406,Aratuba - CE,2018,62
2301406,Aratuba - CE,2019,55
2301505,Arneiroz - CE,2017,32
2301505,Arneiroz - CE,2018,54
2301505,Arneiroz - CE,2019,55
2301604,Assaré - CE,2017,144
2301604,Assaré - CE,2018,126
2301604,Assaré - CE,2019,143
2301703,Aurora - CE,2017,179
2301703,Aurora - CE,2018,158
2301703,Aurora - CE,2019,173
2301802,Baixio - CE,2017,37
2301802,Baixio - CE,2018,51
2301802,Baixio - CE,2019,41
2301851,Banabuiú - CE,2017,92
2301851,Banabuiú - CE,2018,98
2301851,Banabuiú - CE,2019,86
2301901,Barbalha - CE,2017,405
2301901,Barbalha - CE,2018,405
2301901,Barbalha - CE,2019,450
2301950,Barreira - CE,2017,135
2301950,Barreira - CE,2018,120
2301950,Barreira - CE,2019,151
2302008,Barro - CE,2017,164
2302008,Barro - CE,2018,150
2302008,Barro - CE,2019,155
2302057,Barroquinha - CE,2017,81
2302057,Barroquinha - CE,2018,59
2302057,Barroquinha - CE,2019,96
2302107,Baturité - CE,2017,216
2302107,Baturité - CE,2018,221
2302107,Baturité - CE,2019,247
2302206,Beberibe - CE,2017,291
2302206,Beberibe - CE,2018,303
2302206,Beberibe - CE,2019,291
2302305,Bela Cruz - CE,2017,163
2302305,Bela Cruz - CE,2018,180
2302305,Bela Cruz - CE,2019,163
2302404,Boa Viagem - CE,2017,327
2302404,Boa Viagem - CE,2018,375
2302404,Boa Viagem - CE,2019,329
2302503,Brejo Santo - CE,2017,269
2302503,Brejo Santo - CE,2018,252
2302503,Brejo Santo - CE,2019,275
2302602,Camocim - CE,2017,318
2302602,Camocim - CE,2018,407
2302602,Camocim - CE,2019,364
2302701,Campos Sales - CE,2017,182
2302701,Campos Sales - CE,2018,192
2302701,Campos Sales - CE,2019,179
2302800,Canindé - CE,2017,580
2302800,Canindé - CE,2018,503
2302800,Canindé - CE,2019,482
2302909,Capistrano - CE,2017,100
2302909,Capistrano - CE,2018,123
2302909,Capistrano - CE,2019,109
2303006,Caridade - CE,2017,94
2303006,Caridade - CE,2018,91
2303006,Caridade - CE,2019,99
2303105,Cariré - CE,2017,126
2303105,Cariré - CE,2018,152
2303105,Cariré - CE,2019,112
2303204,Caririaçu - CE,2017,196
2303204,Caririaçu - CE,2018,188
2303204,Caririaçu - CE,2019,161
2303303,Cariús - CE,2017,123
2303303,Cariús - CE,2018,104
2303303,Cariús - CE,2019,132
2303402,Carnaubal - CE,2017,105
2303402,Carnaubal - CE,2018,115
2303402,Carnaubal - CE,2019,119
2303501,Cascavel - CE,2017,446
2303501,Cascavel - CE,2018,420
2303501,Cascavel - CE,2019,439
2303600,Catarina - CE,2017,94
2303600,Catarina - CE,2018,74
2303600,Catarina - CE,2019,84
2303659,Catunda - CE,2017,58
2303659,Catunda - CE,2018,78
2303659,Catunda - CE,2019,81
2303709,Caucaia - CE,2017,1907
2303709,Caucaia - CE,2018,1813
2303709,Caucaia - CE,2019,1750
2303808,Cedro - CE,2017,221
2303808,Cedro - CE,2018,217
2303808,Cedro - CE,2019,210
2303907,Chaval - CE,2017,87
2303907,Chaval - CE,2018,83
2303907,Chaval - CE,2019,91
2303931,Choró - CE,2017,78
2303931,Choró - CE,2018,67
2303931,Choró - CE,2019,65
2303956,Chorozinho - CE,2017,128
2303956,Chorozinho - CE,2018,134
2303956,Chorozinho - CE,2019,118
2304004,Coreaú - CE,2017,139
2304004,Coreaú - CE,2018,150
2304004,Coreaú - CE,2019,148
2304103,Crateús - CE,2017,587
2304103,Crateús - CE,2018,574
2304103,Crateús - CE,2019,597
2304202,Crato - CE,2017,910
2304202,Crato - CE,2018,805
2304202,Crato - CE,2019,924
2304236,Croatá - CE,2017,127
2304236,Croatá - CE,2018,125
2304236,Croatá - CE,2019,137
2304251,Cruz - CE,2017,143
2304251,Cruz - CE,2018,137
2304251,Cruz - CE,2019,167
2304269,Deputado Irapuan Pinheiro - CE,2017,75
2304269,Deputado Irapuan Pinheiro - CE,2018,78
2304269,Deputado Irapuan Pinheiro - CE,2019,87
2304277,Ereré - CE,2017,52
2304277,Ereré - CE,2018,46
2304277,Ereré - CE,2019,53
2304285,Eusébio - CE,2017,323
2304285,Eusébio - CE,2018,278
2304285,Eusébio - CE,2019,290
2304301,Farias Brito - CE,2017,124
2304301,Farias Brito - CE,2018,125
2304301,Farias Brito - CE,2019,137
2304350,Forquilha - CE,2017,123
2304350,Forquilha - CE,2018,169
2304350,Forquilha - CE,2019,172
2304400,Fortaleza - CE,2017,17344
2304400,Fortaleza - CE,2018,15845
2304400,Fortaleza - CE,2019,14939
2304459,Fortim - CE,2017,87
2304459,Fortim - CE,2018,102
2304459,Fortim - CE,2019,90
2304509,Frecheirinha - CE,2017,100
2304509,Frecheirinha - CE,2018,78
2304509,Frecheirinha - CE,2019,112
2304608,General Sampaio - CE,2017,48
2304608,General Sampaio - CE,2018,42
2304608,General Sampaio - CE,2019,41
2304657,Graça - CE,2017,104
2304657,Graça - CE,2018,106
2304657,Graça - CE,2019,121
2304707,Granja - CE,2017,268
2304707,Granja - CE,2018,267
2304707,Granja - CE,2019,317
2304806,Granjeiro - CE,2017,22
2304806,Granjeiro - CE,2018,20
2304806,Granjeiro - CE,2019,26
2304905,Groaíras - CE,2017,72
2304905,Groaíras - CE,2018,80
2304905,Groaíras - CE,2019,74
2304954,Guaiúba - CE,2017,137
2304954,Guaiúba - CE,2018,134
2304954,Guaiúba - CE,2019,141
2305001,Guaraciaba do Norte - CE,2017,261
2305001,Guaraciaba do Norte - CE,2018,266
2305001,Guaraciaba do Norte - CE,2019,287
2305100,Guaramiranga - CE,2017,21
2305100,Guaramiranga - CE,2018,46
2305100,Guaramiranga - CE,2019,30
2305209,Hidrolândia - CE,2017,148
2305209,Hidrolândia - CE,2018,139
2305209,Hidrolândia - CE,2019,127
2305233,Horizonte - CE,2017,337
2305233,Horizonte - CE,2018,321
2305233,Horizonte - CE,2019,348
2305266,Ibaretama - CE,2017,79
2305266,Ibaretama - CE,2018,68
2305266,Ibaretama - CE,2019,72
2305308,Ibiapina - CE,2017,175
2305308,Ibiapina - CE,2018,166
2305308,Ibiapina - CE,2019,173
2305332,Ibicuitinga - CE,2017,77
2305332,Ibicuitinga - CE,2018,72
2305332,Ibicuitinga - CE,2019,76
2305357,Icapuí - CE,2017,103
2305357,Icapuí - CE,2018,92
2305357,Icapuí - CE,2019,100
2305407,Icó - CE,2017,473
2305407,Icó - CE,2018,414
2305407,Icó - CE,2019,437
2305506,Iguatu - CE,2017,696
2305506,Iguatu - CE,2018,647
2305506,Iguatu - CE,2019,739
2305605,Independência - CE,2017,198
2305605,Independência - CE,2018,148
2305605,Independência - CE,2019,203
2305654,Ipaporanga - CE,2017,98
2305654,Ipaporanga - CE,2018,81
2305654,Ipaporanga - CE,2019,100
2305704,Ipaumirim - CE,2017,74
2305704,Ipaumirim - CE,2018,71
2305704,Ipaumirim - CE,2019,87
2305803,Ipu - CE,2017,278
2305803,Ipu - CE,2018,289
2305803,Ipu - CE,2019,297
2305902,Ipueiras - CE,2017,265
2305902,Ipueiras - CE,2018,282
2305902,Ipueiras - CE,2019,303
2306009,Iracema - CE,2017,108
2306009,Iracema - CE,2018,104
2306009,Iracema - CE,2019,279
2306108,Irauçuba - CE,2017,134
2306108,Irauçuba - CE,2018,113
2306108,Irauçuba - CE,2019,130
2306207,Itaiçaba - CE,2017,62
2306207,Itaiçaba - CE,2018,53
2306207,Itaiçaba - CE,2019,38
2306256,Itaitinga - CE,2017,217
2306256,Itaitinga - CE,2018,248
2306256,Itaitinga - CE,2019,227
2306306,Itapajé - CE,2017,336
2306306,Itapajé - CE,2018,314
2306306,Itapajé - CE,2019,242
2306405,Itapipoca - CE,2017,712
2306405,Itapipoca - CE,2018,660
2306405,Itapipoca - CE,2019,610
2306504,Itapiúna - CE,2017,111
2306504,Itapiúna - CE,2018,134
2306504,Itapiúna - CE,2019,110
2306553,Itarema - CE,2017,234
2306553,Itarema - CE,2018,217
2306553,Itarema - CE,2019,198
2306603,Itatira - CE,2017,108
2306603,Itatira - CE,2018,124
2306603,Itatira - CE,2019,114
2306702,Jaguaretama - CE,2017,110
2306702,Jaguaretama - CE,2018,146
2306702,Jaguaretama - CE,2019,130
2306801,Jaguaribara - CE,2017,83
2306801,Jaguaribara - CE,2018,61
2306801,Jaguaribara - CE,2019,64
2306900,Jaguaribe - CE,2017,253
2306900,Jaguaribe - CE,2018,235
2306900,Jaguaribe - CE,2019,239
2307007,Jaguaruana - CE,2017,184
2307007,Jaguaruana - CE,2018,156
2307007,Jaguaruana - CE,2019,164
2307106,Jardim - CE,2017,174
2307106,Jardim - CE,2018,177
2307106,Jardim - CE,2019,193
2307205,Jati - CE,2017,45
2307205,Jati - CE,2018,43
2307205,Jati - CE,2019,39
2307254,Jijoca de Jericoacoara - CE,2017,75
2307254,Jijoca de Jericoacoara - CE,2018,88
2307254,Jijoca de Jericoacoara - CE,2019,85
2307304,Juazeiro do Norte - CE,2017,1765
2307304,Juazeiro do Norte - CE,2018,1729
2307304,Juazeiro do Norte - CE,2019,1796
2307403,Jucás - CE,2017,174
2307403,Jucás - CE,2018,173
2307403,Jucás - CE,2019,161
2307502,Lavras da Mangabeira - CE,2017,214
2307502,Lavras da Mangabeira - CE,2018,254
2307502,Lavras da Mangabeira - CE,2019,238
2307601,Limoeiro do Norte - CE,2017,402
2307601,Limoeiro do Norte - CE,2018,391
2307601,Limoeiro do Norte - CE,2019,392
2307635,Madalena - CE,2017,106
2307635,Madalena - CE,2018,103
2307635,Madalena - CE,2019,112
2307650,Maracanaú - CE,2017,1399
2307650,Maracanaú - CE,2018,1259
2307650,Maracanaú - CE,2019,1254
2307700,Maranguape - CE,2017,666
2307700,Maranguape - CE,2018,703
2307700,Maranguape - CE,2019,623
2307809,Marco - CE,2017,114
2307809,Marco - CE,2018,146
2307809,Marco - CE,2019,132
2307908,Martinópole - CE,2017,56
2307908,Martinópole - CE,2018,59
2307908,Martinópole - CE,2019,61
2308005,Massapê - CE,2017,212
2308005,Massapê - CE,2018,238
2308005,Massapê - CE,2019,214
2308104,Mauriti - CE,2017,253
2308104,Mauriti - CE,2018,230
2308104,Mauriti - CE,2019,250
2308203,Meruoca - CE,2017,79
2308203,Meruoca - CE,2018,89
2308203,Meruoca - CE,2019,75
2308302,Milagres - CE,2017,191
2308302,Milagres - CE,2018,177
2308302,Milagres - CE,2019,201
2308351,Milhã - CE,2017,109
2308351,Milhã - CE,2018,117
2308351,Milhã - CE,2019,107
2308377,Miraíma - CE,2017,61
2308377,Miraíma - CE,2018,62
2308377,Miraíma - CE,2019,79
2308401,Missão Velha - CE,2017,226
2308401,Missão Velha - CE,2018,212
2308401,Missão Velha - CE,2019,231
2308500,Mombaça - CE,2017,236
2308500,Mombaça - CE,2018,282
2308500,Mombaça - CE,2019,295
2308609,Monsenhor Tabosa - CE,2017,113
2308609,Monsenhor Tabosa - CE,2018,134
2308609,Monsenhor Tabosa - CE,2019,128
2308708,Morada Nova - CE,2017,452
2308708,Morada Nova - CE,2018,451
2308708,Morada Nova - CE,2019,438
2308807,Moraújo - CE,2017,46
2308807,Moraújo - CE,2018,59
2308807,Moraújo - CE,2019,52
2308906,Morrinhos - CE,2017,105
2308906,Morrinhos - CE,2018,104
2308906,Morrinhos - CE,2019,112
2309003,Mucambo - CE,2017,126
2309003,Mucambo - CE,2018,100
2309003,Mucambo - CE,2019,99
2309102,Mulungu - CE,2017,70
2309102,Mulungu - CE,2018,73
2309102,Mulungu - CE,2019,50
2309201,Nova Olinda - CE,2017,99
2309201,Nova Olinda - CE,2018,84
2309201,Nova Olinda - CE,2019,102
2309300,Nova Russas - CE,2017,237
2309300,Nova Russas - CE,2018,238
2309300,Nova Russas - CE,2019,237
2309409,Novo Oriente - CE,2017,210
2309409,Novo Oriente - CE,2018,186
2309409,Novo Oriente - CE,2019,186
2309458,Ocara - CE,2017,194
2309458,Ocara - CE,2018,158
2309458,Ocara - CE,2019,169
2309508,Orós - CE,2017,181
2309508,Orós - CE,2018,160
2309508,Orós - CE,2019,174
2309607,Pacajus - CE,2017,428
2309607,Pacajus - CE,2018,378
2309607,Pacajus - CE,2019,389
2309706,Pacatuba - CE,2017,349
2309706,Pacatuba - CE,2018,363
2309706,Pacatuba - CE,2019,326
2309805,Pacoti - CE,2017,89
2309805,Pacoti - CE,2018,73
2309805,Pacoti - CE,2019,83
2309904,Pacujá - CE,2017,43
2309904,Pacujá - CE,2018,40
2309904,Pacujá - CE,2019,55
2310001,Palhano - CE,2017,61
2310001,Palhano - CE,2018,69
2310001,Palhano - CE,2019,48
2310100,Palmácia - CE,2017,73
2310100,Palmácia - CE,2018,66
2310100,Palmácia - CE,2019,61
2310209,Paracuru - CE,2017,198
2310209,Paracuru - CE,2018,208
2310209,Paracuru - CE,2019,230
2310258,Paraipaba - CE,2017,167
2310258,Paraipaba - CE,2018,166
2310258,Paraipaba - CE,2019,154
2310308,Parambu - CE,2017,244
2310308,Parambu - CE,2018,193
2310308,Parambu - CE,2019,212
2310407,Paramoti - CE,2017,71
2310407,Paramoti - CE,2018,64
2310407,Paramoti - CE,2019,69
2310506,Pedra Branca - CE,2017,286
2310506,Pedra Branca - CE,2018,311
2310506,Pedra Branca - CE,2019,290
2310605,Penaforte - CE,2017,61
2310605,Penaforte - CE,2018,55
2310605,Penaforte - CE,2019,62
2310704,Pentecoste - CE,2017,208
2310704,Pentecoste - CE,2018,231
2310704,Pentecoste - CE,2019,202
2310803,Pereiro - CE,2017,116
2310803,Pereiro - CE,2018,108
2310803,Pereiro - CE,2019,110
2310852,Pindoretama - CE,2017,139
2310852,Pindoretama - CE,2018,148
2310852,Pindoretama - CE,2019,139
2310902,Piquet Carneiro - CE,2017,127
2310902,Piquet Carneiro - CE,2018,117
2310902,Piquet Carneiro - CE,2019,122
2310951,Pires Ferreira - CE,2017,51
2310951,Pires Ferreira - CE,2018,59
2310951,Pires Ferreira - CE,2019,70
2311009,Poranga - CE,2017,85
2311009,Poranga - CE,2018,94
2311009,Poranga - CE,2019,84
2311108,Porteiras - CE,2017,85
2311108,Porteiras - CE,2018,90
2311108,Porteiras - CE,2019,96
2311207,Potengi - CE,2017,48
2311207,Potengi - CE,2018,53
2311207,Potengi - CE,2019,51
2311231,Potiretama - CE,2017,33
2311231,Potiretama - CE,2018,40
2311231,Potiretama - CE,2019,33
2311264,Quiterianópolis - CE,2017,111
2311264,Quiterianópolis - CE,2018,143
2311264,Quiterianópolis - CE,2019,113
2311306,Quixadá - CE,2017,478
2311306,Quixadá - CE,2018,497
2311306,Quixadá - CE,2019,496
2311355,Quixelô - CE,2017,121
2311355,Quixelô - CE,2018,119
2311355,Quixelô - CE,2019,135
2311405,Quixeramobim - CE,2017,514
2311405,Quixeramobim - CE,2018,484
2311405,Quixeramobim - CE,2019,531
2311504,Quixeré - CE,2017,117
2311504,Quixeré - CE,2018,107
2311504,Quixeré - CE,2019,141
2311603,Redenção - CE,2017,238
2311603,Redenção - CE,2018,186
2311603,Redenção - CE,2019,184
2311702,Reriutaba - CE,2017,133
2311702,Reriutaba - CE,2018,142
2311702,Reriutaba - CE,2019,138
2311801,Russas - CE,2017,505
2311801,Russas - CE,2018,490
2311801,Russas - CE,2019,481
2311900,Saboeiro - CE,2017,115
2311900,Saboeiro - CE,2018,121
2311900,Saboeiro - CE,2019,122
2311959,Salitre - CE,2017,87
2311959,Salitre - CE,2018,94
2311959,Salitre - CE,2019,95
2312007,Santana do Acaraú - CE,2017,148
2312007,Santana do Acaraú - CE,2018,160
2312007,Santana do Acaraú - CE,2019,154
2312106,Santana do Cariri - CE,2017,104
2312106,Santana do Cariri - CE,2018,97
2312106,Santana do Cariri - CE,2019,103
2312205,Santa Quitéria - CE,2017,270
2312205,Santa Quitéria - CE,2018,275
2312205,Santa Quitéria - CE,2019,268
2312304,São Benedito - CE,2017,260
2312304,São Benedito - CE,2018,302
2312304,São Benedito - CE,2019,317
2312403,São Gonçalo do Amarante - CE,2017,289
2312403,São Gonçalo do Amarante - CE,2018,281
2312403,São Gonçalo do Amarante - CE,2019,329
2312502,São João do Jaguaribe - CE,2017,57
2312502,São João do Jaguaribe - CE,2018,56
2312502,São João do Jaguaribe - CE,2019,62
2312601,São Luís do Curu - CE,2017,59
2312601,São Luís do Curu - CE,2018,81
2312601,São Luís do Curu - CE,2019,71
2312700,Senador Pompeu - CE,2017,229
2312700,Senador Pompeu - CE,2018,220
2312700,Senador Pompeu - CE,2019,190
2312809,Senador Sá - CE,2017,31
2312809,Senador Sá - CE,2018,35
2312809,Senador Sá - CE,2019,40
2312908,Sobral - CE,2017,1192
2312908,Sobral - CE,2018,1217
2312908,Sobral - CE,2019,1147
2313005,Solonópole - CE,2017,151
2313005,Solonópole - CE,2018,118
2313005,Solonópole - CE,2019,156
2313104,Tabuleiro do Norte - CE,2017,231
2313104,Tabuleiro do Norte - CE,2018,226
2313104,Tabuleiro do Norte - CE,2019,229
2313203,Tamboril - CE,2017,169
2313203,Tamboril - CE,2018,203
2313203,Tamboril - CE,2019,186
2313252,Tarrafas - CE,2017,52
2313252,Tarrafas - CE,2018,41
2313252,Tarrafas - CE,2019,67
2313302,Tauá - CE,2017,391
2313302,Tauá - CE,2018,450
2313302,Tauá - CE,2019,417
2313351,Tejuçuoca - CE,2017,81
2313351,Tejuçuoca - CE,2018,82
2313351,Tejuçuoca - CE,2019,100
2313401,Tianguá - CE,2017,391
2313401,Tianguá - CE,2018,435
2313401,Tianguá - CE,2019,393
2313500,Trairi - CE,2017,247
2313500,Trairi - CE,2018,261
2313500,Trairi - CE,2019,299
2313559,Tururu - CE,2017,95
2313559,Tururu - CE,2018,82
2313559,Tururu - CE,2019,89
2313609,Ubajara - CE,2017,200
2313609,Ubajara - CE,2018,201
2313609,Ubajara - CE,2019,222
2313708,Umari - CE,2017,43
2313708,Umari - CE,2018,60
2313708,Umari - CE,2019,52
2313757,Umirim - CE,2017,90
2313757,Umirim - CE,2018,109
2313757,Umirim - CE,2019,123
2313807,Uruburetama - CE,2017,108
2313807,Uruburetama - CE,2018,127
2313807,Uruburetama - CE,2019,132
2313906,Uruoca - CE,2017,78
2313906,Uruoca - CE,2018,82
2313906,Uruoca - CE,2019,71
2313955,Varjota - CE,2017,104
2313955,Varjota - CE,2018,119
2313955,Varjota - CE,2019,124
2314003,Várzea Alegre - CE,2017,261
2314003,Várzea Alegre - CE,2018,265
2314003,Várzea Alegre - CE,2019,256
2314102,Viçosa do Ceará - CE,2017,354
2314102,Viçosa do Ceará - CE,2018,319
2314102,Viçosa do Ceará - CE,2019,324
2300101,Abaiara - CE,2023,36
2300101,Abaiara - CE,2024,59
2300150,Acarape - CE,2023,86
2300150,Acarape - CE,2024,96
2300200,Acaraú - CE,2023,390
2300200,Acaraú - CE,2024,395
2300309,Acopiara - CE,2023,382
2300309,Acopiara - CE,2024,416
2300408,Aiuaba - CE,2023,80
2300408,Aiuaba - CE,2024,104
2300507,Alcântaras - CE,2023,78
2300507,Alcântaras - CE,2024,75
2300606,Altaneira - CE,2023,63
2300606,Altaneira - CE,2024,69
2300705,Alto Santo - CE,2023,116
2300705,Alto Santo - CE,2024,116
2300754,Amontada - CE,2023,256
2300754,Amontada - CE,2024,265
2300804,Antonina do Norte - CE,2023,56
2300804,Antonina do Norte - CE,2024,39
2300903,Apuiarés - CE,2023,80
2300903,Apuiarés - CE,2024,91
2301000,Aquiraz - CE,2023,480
2301000,Aquiraz - CE,2024,545
2301109,Aracati - CE,2023,469
2301109,Aracati - CE,2024,499
2301208,Aracoiaba - CE,2023,175
2301208,Aracoiaba - CE,2024,197
2301257,Ararendá - CE,2023,91
2301257,Ararendá - CE,2024,76
2301307,Araripe - CE,2023,131
2301307,Araripe - CE,2024,151
2301406,Aratuba - CE,2023,87
2301406,Aratuba - CE,2024,86
2301505,Arneiroz - CE,2023,48
2301505,Arneiroz - CE,2024,59
2301604,Assaré - CE,2023,178
2301604,Assaré - CE,2024,153
2301703,Aurora - CE,2023,199
2301703,Aurora - CE,2024,175
2301802,Baixio - CE,2023,43
2301802,Baixio - CE,2024,37
2301851,Banabuiú - CE,2023,100
2301851,Banabuiú - CE,2024,112
2301901,Barbalha - CE,2023,467
2301901,Barbalha - CE,2024,477
2301950,Barreira - CE,2023,160
2301950,Barreira - CE,2024,130
2302008,Barro - CE,2023,158
2302008,Barro - CE,2024,185
2302057,Barroquinha - CE,2023,128
2302057,Barroquinha - CE,2024,89
2302107,Baturité - CE,2023,203
2302107,Baturité - CE,2024,250
2302206,Beberibe - CE,2023,347
2302206,Beberibe - CE,2024,354
2302305,Bela Cruz - CE,2023,182
2302305,Bela Cruz - CE,2024,186
2302404,Boa Viagem - CE,2023,388
2302404,Boa Viagem - CE,2024,379
2302503,Brejo Santo - CE,2023,311
2302503,Brejo Santo - CE,2024,293
2302602,Camocim - CE,2023,397
2302602,Camocim - CE,2024,419
2302701,Campos Sales - CE,2023,187
2302701,Campos Sales - CE,2024,203
2302800,Canindé - CE,2023,509
2302800,Canindé - CE,2024,563
2302909,Capistrano - CE,2023,131
2302909,Capistrano - CE,2024,114
2303006,Caridade - CE,2023,118
2303006,Caridade - CE,2024,137
2303105,Cariré - CE,2023,139
2303105,Cariré - CE,2024,147
2303204,Caririaçu - CE,2023,201
2303204,Caririaçu - CE,2024,189
2303303,Cariús - CE,2023,145
2303303,Cariús - CE,2024,157
2303402,Carnaubal - CE,2023,125
2303402,Carnaubal - CE,2024,112
2303501,Cascavel - CE,2023,477
2303501,Cascavel - CE,2024,483
2303600,Catarina - CE,2023,97
2303600,Catarina - CE,2024,100
2303659,Catunda - CE,2023,73
2303659,Catunda - CE,2024,74
2303709,Caucaia - CE,2023,1926
2303709,Caucaia - CE,2024,2160
2303808,Cedro - CE,2023,222
2303808,Cedro - CE,2024,202
2303907,Chaval - CE,2023,97
2303907,Chaval - CE,2024,88
2303931,Choró - CE,2023,63
2303931,Choró - CE,2024,72
2303956,Chorozinho - CE,2023,104
2303956,Chorozinho - CE,2024,130
2304004,Coreaú - CE,2023,133
2304004,Coreaú - CE,2024,135
2304103,Crateús - CE,2023,582
2304103,Crateús - CE,2024,624
2304202,Crato - CE,2023,872
2304202,Crato - CE,2024,954
2304236,Croatá - CE,2023,151
2304236,Croatá - CE,2024,135
2304251,Cruz - CE,2023,175
2304251,Cruz - CE,2024,207
2304269,Deputado Irapuan Pinheiro - CE,2023,76
2304269,Deputado Irapuan Pinheiro - CE,2024,61
2304277,Ereré - CE,2023,45
2304277,Ereré - CE,2024,49
2304285,Eusébio - CE,2023,346
2304285,Eusébio - CE,2024,380
2304301,Farias Brito - CE,2023,141
2304301,Farias Brito - CE,2024,142
2304350,Forquilha - CE,2023,176
2304350,Forquilha - CE,2024,153
2304400,Fortaleza - CE,2023,16075
2304400,Fortaleza - CE,2024,16697
2304459,Fortim - CE,2023,108
2304459,Fortim - CE,2024,116
2304509,Frecheirinha - CE,2023,103
2304509,Frecheirinha - CE,2024,122
2304608,General Sampaio - CE,2023,64
2304608,General Sampaio - CE,2024,56
2304657,Graça - CE,2023,151
2304657,Graça - CE,2024,141
2304707,Granja - CE,2023,329
2304707,Granja - CE,2024,342
2304806,Granjeiro - CE,2023,26
2304806,Granjeiro - CE,2024,26
2304905,Groaíras - CE,2023,112
2304905,Groaíras - CE,2024,111
2304954,Guaiúba - CE,2023,135
2304954,Guaiúba - CE,2024,146
2305001,Guaraciaba do Norte - CE,2023,282
2305001,Guaraciaba do Norte - CE,2024,291
2305100,Guaramiranga - CE,2023,45
2305100,Guaramiranga - CE,2024,47
2305209,Hidrolândia - CE,2023,123
2305209,Hidrolândia - CE,2024,162
2305233,Horizonte - CE,2023,385
2305233,Horizonte - CE,2024,414
2305266,Ibaretama - CE,2023,82
2305266,Ibaretama - CE,2024,107
2305308,Ibiapina - CE,2023,189
2305308,Ibiapina - CE,2024,181
2305332,Ibicuitinga - CE,2023,84
2305332,Ibicuitinga - CE,2024,102
2305357,Icapuí - CE,2023,129
2305357,Icapuí - CE,2024,139
2305407,Icó - CE,2023,493
2305407,Icó - CE,2024,482
2305506,Iguatu - CE,2023,753
2305506,Iguatu - CE,2024,735
2305605,Independência - CE,2023,207
2305605,Independência - CE,2024,195
2305654,Ipaporanga - CE,2023,99
2305654,Ipaporanga - CE,2024,107
2305704,Ipaumirim - CE,2023,86
2305704,Ipaumirim - CE,2024,78
2305803,Ipu - CE,2023,297
2305803,Ipu - CE,2024,335
2305902,Ipueiras - CE,2023,326
2305902,Ipueiras - CE,2024,343
2306009,Iracema - CE,2023,116
2306009,Iracema - CE,2024,114
2306108,Irauçuba - CE,2023,173
2306108,Irauçuba - CE,2024,146
2306207,Itaiçaba - CE,2023,59
2306207,Itaiçaba - CE,2024,72
2306256,Itaitinga - CE,2023,272
2306256,Itaitinga - CE,2024,285
2306306,Itapajé - CE,2023,318
2306306,Itapajé - CE,2024,313
2306405,Itapipoca - CE,2023,705
2306405,Itapipoca - CE,2024,722
2306504,Itapiúna - CE,2023,130
2306504,Itapiúna - CE,2024,134
2306553,Itarema - CE,2023,240
2306553,Itarema - CE,2024,296
2306603,Itatira - CE,2023,143
2306603,Itatira - CE,2024,134
2306702,Jaguaretama - CE,2023,127
2306702,Jaguaretama - CE,2024,133
2306801,Jaguaribara - CE,2023,68
2306801,Jaguaribara - CE,2024,73
2306900,Jaguaribe - CE,2023,280
2306900,Jaguaribe - CE,2024,293
2307007,Jaguaruana - CE,2023,218
2307007,Jaguaruana - CE,2024,211
2307106,Jardim - CE,2023,185
2307106,Jardim - CE,2024,216
2307205,Jati - CE,2023,54
2307205,Jati - CE,2024,54
2307254,Jijoca de Jericoacoara - CE,2023,129
2307254,Jijoca de Jericoacoara - CE,2024,134
2307304,Juazeiro do Norte - CE,2023,1833
2307304,Juazeiro do Norte - CE,2024,1880
2307403,Jucás - CE,2023,191
2307403,Jucás - CE,2024,194
2307502,Lavras da Mangabeira - CE,2023,239
2307502,Lavras da Mangabeira - CE,2024,225
2307601,Limoeiro do Norte - CE,2023,407
2307601,Limoeiro do Norte - CE,2024,429
2307635,Madalena - CE,2023,93
2307635,Madalena - CE,2024,113
2307650,Maracanaú - CE,2023,1381
2307650,Maracanaú - CE,2024,1516
2307700,Maranguape - CE,2023,678
2307700,Maranguape - CE,2024,742
2307809,Marco - CE,2023,189
2307809,Marco - CE,2024,156
2307908,Martinópole - CE,2023,59
2307908,Martinópole - CE,2024,69
2308005,Massapê - CE,2023,234
2308005,Massapê - CE,2024,272
2308104,Mauriti - CE,2023,295
2308104,Mauriti - CE,2024,296
2308203,Meruoca - CE,2023,87
2308203,Meruoca - CE,2024,107
2308302,Milagres - CE,2023,175
2308302,Milagres - CE,2024,205
2308351,Milhã - CE,2023,113
2308351,Milhã - CE,2024,115
2308377,Miraíma - CE,2023,74
2308377,Miraíma - CE,2024,66
2308401,Missão Velha - CE,2023,192
2308401,Missão Velha - CE,2024,198
2308500,Mombaça - CE,2023,273
2308500,Mombaça - CE,2024,331
2308609,Monsenhor Tabosa - CE,2023,122
2308609,Monsenhor Tabosa - CE,2024,109
2308708,Morada Nova - CE,2023,447
2308708,Morada Nova - CE,2024,507
2308807,Moraújo - CE,2023,47
2308807,Moraújo - CE,2024,52
2308906,Morrinhos - CE,2023,113
2308906,Morrinhos - CE,2024,144
2309003,Mucambo - CE,2023,119
2309003,Mucambo - CE,2024,136
2309102,Mulungu - CE,2023,64
2309102,Mulungu - CE,2024,58
2309201,Nova Olinda - CE,2023,105
2309201,Nova Olinda - CE,2024,127
2309300,Nova Russas - CE,2023,289
2309300,Nova Russas - CE,2024,298
2309409,Novo Oriente - CE,2023,226
2309409,Novo Oriente - CE,2024,224
2309458,Ocara - CE,2023,150
2309458,Ocara - CE,2024,162
2309508,Orós - CE,2023,192
2309508,Orós - CE,2024,228
2309607,Pacajus - CE,2023,424
2309607,Pacajus - CE,2024,455
2309706,Pacatuba - CE,2023,408
2309706,Pacatuba - CE,2024,435
2309805,Pacoti - CE,2023,75
2309805,Pacoti - CE,2024,64
2309904,Pacujá - CE,2023,54
2309904,Pacujá - CE,2024,54
2310001,Palhano - CE,2023,70
2310001,Palhano - CE,2024,70
2310100,Palmácia - CE,2023,57
2310100,Palmácia - CE,2024,77
2310209,Paracuru - CE,2023,250
2310209,Paracuru - CE,2024,271
2310258,Paraipaba - CE,2023,180
2310258,Paraipaba - CE,2024,200
2310308,Parambu - CE,2023,250
2310308,Parambu - CE,2024,245
2310407,Paramoti - CE,2023,89
2310407,Paramoti - CE,2024,90
2310506,Pedra Branca - CE,2023,317
2310506,Pedra Branca - CE,2024,338
2310605,Penaforte - CE,2023,63
2310605,Penaforte - CE,2024,77
2310704,Pentecoste - CE,2023,251
2310704,Pentecoste - CE,2024,233
2310803,Pereiro - CE,2023,108
2310803,Pereiro - CE,2024,115
2310852,Pindoretama - CE,2023,136
2310852,Pindoretama - CE,2024,166
2310902,Piquet Carneiro - CE,2023,148
2310902,Piquet Carneiro - CE,2024,115
2310951,Pires Ferreira - CE,2023,71
2310951,Pires Ferreira - CE,2024,63
2311009,Poranga - CE,2023,89
2311009,Poranga - CE,2024,110
2311108,Porteiras - CE,2023,134
2311108,Porteiras - CE,2024,124
2311207,Potengi - CE,2023,64
2311207,Potengi - CE,2024,69
2311231,Potiretama - CE,2023,39
2311231,Potiretama - CE,2024,55
2311264,Quiterianópolis - CE,2023,151
2311264,Quiterianópolis - CE,2024,153
2311306,Quixadá - CE,2023,579
2311306,Quixadá - CE,2024,564
2311355,Quixelô - CE,2023,142
2311355,Quixelô - CE,2024,112
2311405,Quixeramobim - CE,2023,487
2311405,Quixeramobim - CE,2024,470
2311504,Quixeré - CE,2023,130
2311504,Quixeré - CE,2024,145
2311603,Redenção - CE,2023,209
2311603,Redenção - CE,2024,205
2311702,Reriutaba - CE,2023,139
2311702,Reriutaba - CE,2024,145
2311801,Russas - CE,2023,432
2311801,Russas - CE,2024,467
2311900,Saboeiro - CE,2023,83
2311900,Saboeiro - CE,2024,104
2311959,Salitre - CE,2023,100
2311959,Salitre - CE,2024,98
2312007,Santana do Acaraú - CE,2023,170
2312007,Santana do Acaraú - CE,2024,170
2312106,Santana do Cariri - CE,2023,105
2312106,Santana do Cariri - CE,2024,99
2312205,Santa Quitéria - CE,2023,267
2312205,Santa Quitéria - CE,2024,274
2312304,São Benedito - CE,2023,393
2312304,São Benedito - CE,2024,398
2312403,São Gonçalo do Amarante - CE,2023,281
2312403,São Gonçalo do Amarante - CE,2024,352
2312502,São João do Jaguaribe - CE,2023,72
2312502,São João do Jaguaribe - CE,2024,66
2312601,São Luís do Curu - CE,2023,81
2312601,São Luís do Curu - CE,2024,80
2312700,Senador Pompeu - CE,2023,211
2312700,Senador Pompeu - CE,2024,228
2312809,Senador Sá - CE,2023,52
2312809,Senador Sá - CE,2024,44
2312908,Sobral - CE,2023,1158
2312908,Sobral - CE,2024,1240
2313005,Solonópole - CE,2023,136
2313005,Solonópole - CE,2024,162
2313104,Tabuleiro do Norte - CE,2023,217
2313104,Tabuleiro do Norte - CE,2024,238
2313203,Tamboril - CE,2023,208
2313203,Tamboril - CE,2024,183
2313252,Tarrafas - CE,2023,50
2313252,Tarrafas - CE,2024,47
2313302,Tauá - CE,2023,387
2313302,Tauá - CE,2024,446
2313351,Tejuçuoca - CE,2023,83
2313351,Tejuçuoca - CE,2024,101
2313401,Tianguá - CE,2023,497
2313401,Tianguá - CE,2024,495
2313500,Trairi - CE,2023,332
2313500,Trairi - CE,2024,367
2313559,Tururu - CE,2023,102
2313559,Tururu - CE,2024,113
2313609,Ubajara - CE,2023,226
2313609,Ubajara - CE,2024,228
2313708,Umari - CE,2023,62
2313708,Umari - CE,2024,73
2313757,Umirim - CE,2023,102
2313757,Umirim - CE,2024,100
2313807,Uruburetama - CE,2023,127
2313807,Uruburetama - CE,2024,143
2313906,Uruoca - CE,2023,74
2313906,Uruoca - CE,2024,68
2313955,Varjota - CE,2023,142
2313955,Varjota - CE,2024,153
2314003,Várzea Alegre - CE,2023,325
2314003,Várzea Alegre - CE,2024,320
2314102,Viçosa do Ceará - CE,2023,385
2314102,Viçosa do Ceará - CE,2024,376
