cod_ibge,municipio,ano,populacao
2300101,Abaiara - CE,2014,11226
2300101,Abaiara - CE,2015,11357
2300101,Abaiara - CE,2016,11483
2300101,Abaiara - CE,2017,11605
2300101,Abaiara - CE,2018,11663
2300101,Abaiara - CE,2019,11737
2300101,Abaiara - CE,2020,11853
2300101,Abaiara - CE,2021,11965
2300101,Abaiara - CE,2024,10282
2300150,Acarape - CE,2014,16153
2300150,Acarape - CE,2015,16288
2300150,Acarape - CE,2016,16418
2300150,Acarape - CE,2017,16543
2300150,Acarape - CE,2018,15399
2300150,Acarape - CE,2019,14929
2300150,Acarape - CE,2020,15036
2300150,Acarape - CE,2021,15140
2300150,Acarape - CE,2024,14306
2300200,Acaraú - CE,2014,60684
2300200,Acaraú - CE,2015,61210
2300200,Acaraú - CE,2016,61715
2300200,Acaraú - CE,2017,62199
2300200,Acaraú - CE,2018,62557
2300200,Acaraú - CE,2019,62641
2300200,Acaraú - CE,2020,63104
2300200,Acaraú - CE,2021,63556
2300200,Acaraú - CE,2024,68758
2300309,Acopiara - CE,2014,52903
2300309,Acopiara - CE,2015,53135
2300309,Acopiara - CE,2016,53358
2300309,Acopiara - CE,2017,53572
2300309,Acopiara - CE,2018,53931
2300309,Acopiara - CE,2019,54270
2300309,Acopiara - CE,2020,54481
2300309,Acopiara - CE,2021,54687
2300309,Acopiara - CE,2024,46215
2300408,Aiuaba - CE,2014,16893
2300408,Aiuaba - CE,2015,16997
2300408,Aiuaba - CE,2016,17098
2300408,Aiuaba - CE,2017,17194
2300408,Aiuaba - CE,2018,17303
2300408,Aiuaba - CE,2019,17399
2300408,Aiuaba - CE,2020,17493
2300408,Aiuaba - CE,2021,17584
2300408,Aiuaba - CE,2024,14220
2300507,Alcântaras - CE,2014,11247
2300507,Alcântaras - CE,2015,11321
2300507,Alcântaras - CE,2016,11391
2300507,Alcântaras - CE,2017,11459
2300507,Alcântaras - CE,2018,11529
2300507,Alcântaras - CE,2019,11714
2300507,Alcântaras - CE,2020,11781
2300507,Alcântaras - CE,2021,11846
2300507,Alcântaras - CE,2024,11754
2300606,Altaneira - CE,2014,7271
2300606,Altaneira - CE,2015,7344
2300606,Altaneira - CE,2016,7413
2300606,Altaneira - CE,2017,7479
2300606,Altaneira - CE,2018,7521
2300606,Altaneira - CE,2019,7586
2300606,Altaneira - CE,2020,7650
2300606,Altaneira - CE,2021,7712
2300606,Altaneira - CE,2024,6970
2300705,Alto Santo - CE,2014,16823
2300705,Alto Santo - CE,2015,16876
2300705,Alto Santo - CE,2016,16927
2300705,Alto Santo - CE,2017,16976
2300705,Alto Santo - CE,2018,17096
2300705,Alto Santo - CE,2019,17146
2300705,Alto Santo - CE,2020,17196
2300705,Alto Santo - CE,2021,16077
2300705,Alto Santo - CE,2024,14418
2300754,Amontada - CE,2014,41672
2300754,Amontada - CE,2015,42098
2300754,Amontada - CE,2016,42508
2300754,Amontada - CE,2017,42901
2300754,Amontada - CE,2018,43131
2300754,Amontada - CE,2019,43452
2300754,Amontada - CE,2020,43829
2300754,Amontada - CE,2021,44195
2300754,Amontada - CE,2024,44342
2300804,Antonina do Norte - CE,2014,7200
2300804,Antonina do Norte - CE,2015,7227
2300804,Antonina do Norte - CE,2016,7253
2300804,Antonina do Norte - CE,2017,7278
2300804,Antonina do Norte - CE,2018,7328
2300804,Antonina do Norte - CE,2019,7353
2300804,Antonina do Norte - CE,2020,7378
2300804,Antonina do Norte - CE,2021,7402
2300804,Antonina do Norte - CE,2024,7484
2300903,Apuiarés - CE,2014,14483
2300903,Apuiarés - CE,2015,14565
2300903,Apuiarés - CE,2016,14644
2300903,Apuiarés - CE,2017,14719
2300903,Apuiarés - CE,2018,14814
2300903,Apuiarés - CE,2019,14600
2300903,Apuiarés - CE,2020,14672
2300903,Apuiarés - CE,2021,14742
2300903,Apuiarés - CE,2024,13219
2301000,Aquiraz - CE,2014,76967
2301000,Aquiraz - CE,2015,77717
2301000,Aquiraz - CE,2016,78438
2301000,Aquiraz - CE,2017,79128
2301000,Aquiraz - CE,2018,79563
2301000,Aquiraz - CE,2019,80271
2301000,Aquiraz - CE,2020,80935
2301000,Aquiraz - CE,2021,81581
2301000,Aquiraz - CE,2024,84737
2301109,Aracati - CE,2014,72248
2301109,Aracati - CE,2015,72727
2301109,Aracati - CE,2016,73188
2301109,Aracati - CE,2017,73629
2301109,Aracati - CE,2018,74084
2301109,Aracati - CE,2019,74547
2301109,Aracati - CE,2020,74975
2301109,Aracati - CE,2021,75392
2301109,Aracati - CE,2024,78752
2301208,Aracoiaba - CE,2014,26062
2301208,Aracoiaba - CE,2015,26134
2301208,Aracoiaba - CE,2016,26203
2301208,Aracoiaba - CE,2017,26269
2301208,Aracoiaba - CE,2018,26437
2301208,Aracoiaba - CE,2019,26469
2301208,Aracoiaba - CE,2020,26535
2301208,Aracoiaba - CE,2021,26600
2301208,Aracoiaba - CE,2024,26696
2301257,Ararendá - CE,2014,10750
2301257,Ararendá - CE,2015,10775
2301257,Ararendá - CE,2016,10800
2301257,Ararendá - CE,2017,10823
2301257,Ararendá - CE,2018,10901
2301257,Ararendá - CE,2019,10935
2301257,Ararendá - CE,2020,10959
2301257,Ararendá - CE,2021,10983
2301257,Ararendá - CE,2024,11485
2301307,Araripe - CE,2014,21230
2301307,Araripe - CE,2015,21289
2301307,Araripe - CE,2016,21345
2301307,Araripe - CE,2017,21398
2301307,Araripe - CE,2018,21550
2301307,Araripe - CE,2019,21600
2301307,Araripe - CE,2020,21654
2301307,Araripe - CE,2021,21707
2301307,Araripe - CE,2024,20223
2301406,Aratuba - CE,2014,11419
2301406,Aratuba - CE,2015,11358
2301406,Aratuba - CE,2016,11300
2301406,Aratuba - CE,2017,11244
2301406,Aratuba - CE,2018,11346
2301406,Aratuba - CE,2019,11847
2301406,Aratuba - CE,2020,11802
2301406,Aratuba - CE,2021,11759
2301406,Aratuba - CE,2024,11459
2301505,Arneiroz - CE,2014,7768
2301505,Arneiroz - CE,2015,7771
2301505,Arneiroz - CE,2016,7774
2301505,Arneiroz - CE,2017,7777
2301505,Arneiroz - CE,2018,7836
2301505,Arneiroz - CE,2019,7840
2301505,Arneiroz - CE,2020,7844
2301505,Arneiroz - CE,2021,7848
2301505,Arneiroz - CE,2024,7619
2301604,Assaré - CE,2014,23058
2301604,Assaré - CE,2015,23126
2301604,Assaré - CE,2016,23191
2301604,Assaré - CE,2017,23254
2301604,Assaré - CE,2018,23417
2301604,Assaré - CE,2019,23417
2301604,Assaré - CE,2020,23478
2301604,Assaré - CE,2021,23537
2301604,Assaré - CE,2024,22212
2301703,Aurora - CE,2014,24658
2301703,Aurora - CE,2015,24602
2301703,Aurora - CE,2016,24548
2301703,Aurora - CE,2017,24496
2301703,Aurora - CE,2018,24699
2301703,Aurora - CE,2019,24654
2301703,Aurora - CE,2020,24610
2301703,Aurora - CE,2021,24567
2301703,Aurora - CE,2024,24267
2301802,Baixio - CE,2014,6182
2301802,Baixio - CE,2015,6198
2301802,Baixio - CE,2016,6214
2301802,Baixio - CE,2017,6228
2301802,Baixio - CE,2018,6272
2301802,Baixio - CE,2019,6288
2301802,Baixio - CE,2020,6303
2301802,Baixio - CE,2021,6318
2301802,Baixio - CE,2024,5832
2301851,Banabuiú - CE,2014,17842
2301851,Banabuiú - CE,2015,17906
2301851,Banabuiú - CE,2016,17968
2301851,Banabuiú - CE,2017,18027
2301851,Banabuiú - CE,2018,18151
2301851,Banabuiú - CE,2019,18197
2301851,Banabuiú - CE,2020,18256
2301851,Banabuiú - CE,2021,18313
2301851,Banabuiú - CE,2024,17654
2301901,Barbalha - CE,2014,58347
2301901,Barbalha - CE,2015,58855
2301901,Barbalha - CE,2016,59343
2301901,Barbalha - CE,2017,59811
2301901,Barbalha - CE,2018,60155
2301901,Barbalha - CE,2019,60781
2301901,Barbalha - CE,2020,61228
2301901,Barbalha - CE,2021,61662
2301901,Barbalha - CE,2024,80217
2301950,Barreira - CE,2014,20532
2301950,Barreira - CE,2015,20687
2301950,Barreira - CE,2016,20835
2301950,Barreira - CE,2017,20978
2301950,Barreira - CE,2018,22362
2301950,Barreira - CE,2019,22425
2301950,Barreira - CE,2020,22573
2301950,Barreira - CE,2021,22715
2301950,Barreira - CE,2024,23351
2302008,Barro - CE,2014,22193
2302008,Barro - CE,2015,22279
2302008,Barro - CE,2016,22361
2302008,Barro - CE,2017,22440
2302008,Barro - CE,2018,22593
2302008,Barro - CE,2019,22680
2302008,Barro - CE,2020,22758
2302008,Barro - CE,2021,22834
2302008,Barro - CE,2024,19669
2302057,Barroquinha - CE,2014,14800
2302057,Barroquinha - CE,2015,14828
2302057,Barroquinha - CE,2016,14854
2302057,Barroquinha - CE,2017,14880
2302057,Barroquinha - CE,2018,14989
2302057,Barroquinha - CE,2019,15017
2302057,Barroquinha - CE,2020,15044
2302057,Barroquinha - CE,2021,15069
2302057,Barroquinha - CE,2024,14977
2302107,Baturité - CE,2014,34735
2302107,Baturité - CE,2015,34949
2302107,Baturité - CE,2016,35154
2302107,Baturité - CE,2017,35351
2302107,Baturité - CE,2018,35575
2302107,Baturité - CE,2019,35750
2302107,Baturité - CE,2020,35941
2302107,Baturité - CE,2021,36127
2302107,Baturité - CE,2024,36978
2302206,Beberibe - CE,2014,51885
2302206,Beberibe - CE,2015,52310
2302206,Beberibe - CE,2016,52719
2302206,Beberibe - CE,2017,53110
2302206,Beberibe - CE,2018,53421
2302206,Beberibe - CE,2019,53573
2302206,Beberibe - CE,2020,53949
2302206,Beberibe - CE,2021,54315
2302206,Beberibe - CE,2024,55666
2302305,Bela Cruz - CE,2014,31956
2302305,Bela Cruz - CE,2015,32103
2302305,Bela Cruz - CE,2016,32243
2302305,Bela Cruz - CE,2017,32378
2302305,Bela Cruz - CE,2018,32593
2302305,Bela Cruz - CE,2019,32591
2302305,Bela Cruz - CE,2020,32722
2302305,Bela Cruz - CE,2021,32851
2302305,Bela Cruz - CE,2024,34441
2302404,Boa Viagem - CE,2014,53725
2302404,Boa Viagem - CE,2015,53838
2302404,Boa Viagem - CE,2016,53945
2302404,Boa Viagem - CE,2017,54049
2302404,Boa Viagem - CE,2018,54440
2302404,Boa Viagem - CE,2019,54470
2302404,Boa Viagem - CE,2020,54577
2302404,Boa Viagem - CE,2021,54680
2302404,Boa Viagem - CE,2024,52169
2302503,Brejo Santo - CE,2014,47645
2302503,Brejo Santo - CE,2015,48056
2302503,Brejo Santo - CE,2016,48451
2302503,Brejo Santo - CE,2017,48830
2302503,Brejo Santo - CE,2018,49109
2302503,Brejo Santo - CE,2019,49477
2302503,Brejo Santo - CE,2020,49842
2302503,Brejo Santo - CE,2021,50195
2302503,Brejo Santo - CE,2024,53778
2302602,Camocim - CE,2014,62201
2302602,Camocim - CE,2015,62473
2302602,Camocim - CE,2016,62734
2302602,Camocim - CE,2017,62985
2302602,Camocim - CE,2018,63408
2302602,Camocim - CE,2019,63661
2302602,Camocim - CE,2020,63907
2302602,Camocim - CE,2021,64147
2302602,Camocim - CE,2024,65031
2302701,Campos Sales - CE,2014,27077
2302701,Campos Sales - CE,2015,27123
2302701,Campos Sales - CE,2016,27167
2302701,Campos Sales - CE,2017,27209
2302701,Campos Sales - CE,2018,27409
2302701,Campos Sales - CE,2019,27426
2302701,Campos Sales - CE,2020,27470
2302701,Campos Sales - CE,2021,27513
2302701,Campos Sales - CE,2024,26082
2302800,Canindé - CE,2014,76724
2302800,Canindé - CE,2015,76998
2302800,Canindé - CE,2016,77261
2302800,Canindé - CE,2017,77514
2302800,Canindé - CE,2018,78049
2302800,Canindé - CE,2019,76997
2302800,Canindé - CE,2020,77244
2302800,Canindé - CE,2021,77484
2302800,Canindé - CE,2024,77207
2302909,Capistrano - CE,2014,17523
2302909,Capistrano - CE,2015,17573
2302909,Capistrano - CE,2016,17621
2302909,Capistrano - CE,2017,17668
2302909,Capistrano - CE,2018,17793
2302909,Capistrano - CE,2019,17738
2302909,Capistrano - CE,2020,17786
2302909,Capistrano - CE,2021,17830
2302909,Capistrano - CE,2024,17760
2303006,Caridade - CE,2014,21524
2303006,Caridade - CE,2015,21800
2303006,Caridade - CE,2016,22065
2303006,Caridade - CE,2017,22320
2303006,Caridade - CE,2018,22427
2303006,Caridade - CE,2019,22547
2303006,Caridade - CE,2020,22782
2303006,Caridade - CE,2021,23011
2303006,Caridade - CE,2024,16419
2303105,Cariré - CE,2014,18637
2303105,Cariré - CE,2015,18645
2303105,Cariré - CE,2016,18653
2303105,Cariré - CE,2017,18660
2303105,Cariré - CE,2018,18802
2303105,Cariré - CE,2019,18448
2303105,Cariré - CE,2020,18459
2303105,Cariré - CE,2021,18470
2303105,Cariré - CE,2024,18075
2303204,Caririaçu - CE,2014,26840
2303204,Caririaçu - CE,2015,26858
2303204,Caririaçu - CE,2016,26876
2303204,Caririaçu - CE,2017,26892
2303204,Caririaçu - CE,2018,27095
2303204,Caririaçu - CE,2019,26965
2303204,Caririaçu - CE,2020,26987
2303204,Caririaçu - CE,2021,27008
2303204,Caririaçu - CE,2024,27482
2303303,Cariús - CE,2014,18813
2303303,Cariús - CE,2015,18810
2303303,Cariús - CE,2016,18807
2303303,Cariús - CE,2017,18804
2303303,Cariús - CE,2018,18950
2303303,Cariús - CE,2019,18699
2303303,Cariús - CE,2020,18699
2303303,Cariús - CE,2021,18700
2303303,Cariús - CE,2024,17333
2303402,Carnaubal - CE,2014,17374
2303402,Carnaubal - CE,2015,17463
2303402,Carnaubal - CE,2016,17549
2303402,Carnaubal - CE,2017,17631
2303402,Carnaubal - CE,2018,17747
2303402,Carnaubal - CE,2019,17606
2303402,Carnaubal - CE,2020,17685
2303402,Carnaubal - CE,2021,17763
2303402,Carnaubal - CE,2024,17758
2303501,Cascavel - CE,2014,69498
2303501,Cascavel - CE,2015,70047
2303501,Cascavel - CE,2016,70574
2303501,Cascavel - CE,2017,71079
2303501,Cascavel - CE,2018,71499
2303501,Cascavel - CE,2019,71743
2303501,Cascavel - CE,2020,72232
2303501,Cascavel - CE,2021,72706
2303501,Cascavel - CE,2024,76365
2303600,Catarina - CE,2014,19882
2303600,Catarina - CE,2015,20079
2303600,Catarina - CE,2016,20269
2303600,Catarina - CE,2017,20451
2303600,Catarina - CE,2018,20562
2303600,Catarina - CE,2019,20698
2303600,Catarina - CE,2020,20871
2303600,Catarina - CE,2021,21041
2303600,Catarina - CE,2024,9577
2303659,Catunda - CE,2014,10257
2303659,Catunda - CE,2015,10294
2303659,Catunda - CE,2016,10331
2303659,Catunda - CE,2017,10365
2303659,Catunda - CE,2018,10437
2303659,Catunda - CE,2019,10342
2303659,Catunda - CE,2020,10376
2303659,Catunda - CE,2021,10410
2303659,Catunda - CE,2024,10817
2303709,Caucaia - CE,2014,349526
2303709,Caucaia - CE,2015,353932
2303709,Caucaia - CE,2016,358164
2303709,Caucaia - CE,2017,362223
2303709,Caucaia - CE,2018,363982
2303709,Caucaia - CE,2019,361400
2303709,Caucaia - CE,2020,365212
2303709,Caucaia - CE,2021,368918
2303709,Caucaia - CE,2024,375730
2303808,Cedro - CE,2014,24986
2303808,Cedro - CE,2015,25013
2303808,Cedro - CE,2016,25038
2303808,Cedro - CE,2017,25063
2303808,Cedro - CE,2018,25249
2303808,Cedro - CE,2019,25557
2303808,Cedro - CE,2020,25585
2303808,Cedro - CE,2021,25612
2303808,Cedro - CE,2024,22678
2303907,Chaval - CE,2014,12888
2303907,Chaval - CE,2015,12910
2303907,Chaval - CE,2016,12931
2303907,Chaval - CE,2017,12952
2303907,Chaval - CE,2018,13047
2303907,Chaval - CE,2019,13069
2303907,Chaval - CE,2020,13091
2303907,Chaval - CE,2021,13112
2303907,Chaval - CE,2024,12805
2303931,Choró - CE,2014,13246
2303931,Choró - CE,2015,13294
2303931,Choró - CE,2016,13340
2303931,Choró - CE,2017,13384
2303931,Choró - CE,2018,13476
2303931,Choró - CE,2019,13521
2303931,Choró - CE,2020,13565
2303931,Choró - CE,2021,13608
2303931,Choró - CE,2024,12380
2303956,Chorozinho - CE,2014,19189
2303956,Chorozinho - CE,2015,19192
2303956,Chorozinho - CE,2016,19194
2303956,Chorozinho - CE,2017,19197
2303956,Chorozinho - CE,2018,19345
2303956,Chorozinho - CE,2019,20264
2303956,Chorozinho - CE,2020,20274
2303956,Chorozinho - CE,2021,20286
2303956,Chorozinho - CE,2024,20763
2304004,Coreaú - CE,2014,22773
2304004,Coreaú - CE,2015,22889
2304004,Coreaú - CE,2016,23000
2304004,Coreaú - CE,2017,23107
2304004,Coreaú - CE,2018,23258
2304004,Coreaú - CE,2019,23136
2304004,Coreaú - CE,2020,23239
2304004,Coreaú - CE,2021,23340
2304004,Coreaú - CE,2024,21438
2304103,Crateús - CE,2014,74188
2304103,Crateús - CE,2015,74271
2304103,Crateús - CE,2016,74350
2304103,Crateús - CE,2017,74426
2304103,Crateús - CE,2018,74982
2304103,Crateús - CE,2019,75074
2304103,Crateús - CE,2020,75159
2304103,Crateús - CE,2021,75241
2304103,Crateús - CE,2024,79809
2304202,Crato - CE,2014,127657
2304202,Crato - CE,2015,128680
2304202,Crato - CE,2016,129662
2304202,Crato - CE,2017,130604
2304202,Crato - CE,2018,131372
2304202,Crato - CE,2019,132123
2304202,Crato - CE,2020,133031
2304202,Crato - CE,2021,133913
2304202,Crato - CE,2024,138232
2304236,Croatá - CE,2014,17650
2304236,Croatá - CE,2015,17728
2304236,Croatá - CE,2016,17802
2304236,Croatá - CE,2017,17874
2304236,Croatá - CE,2018,17994
2304236,Croatá - CE,2019,18063
2304236,Croatá - CE,2020,18133
2304236,Croatá - CE,2021,18201
2304236,Croatá - CE,2024,18007
2304251,Cruz - CE,2014,23514
2304251,Cruz - CE,2015,23677
2304251,Cruz - CE,2016,23833
2304251,Cruz - CE,2017,23983
2304251,Cruz - CE,2018,24131
2304251,Cruz - CE,2019,24827
2304251,Cruz - CE,2020,24977
2304251,Cruz - CE,2021,25121
2304251,Cruz - CE,2024,31847
2304269,Deputado Irapuan Pinheiro - CE,2014,9403
2304269,Deputado Irapuan Pinheiro - CE,2015,9444
2304269,Deputado Irapuan Pinheiro - CE,2016,9483
2304269,Deputado Irapuan Pinheiro - CE,2017,9521
2304269,Deputado Irapuan Pinheiro - CE,2018,9585
2304269,Deputado Irapuan Pinheiro - CE,2019,9625
2304269,Deputado Irapuan Pinheiro - CE,2020,9662
2304269,Deputado Irapuan Pinheiro - CE,2021,9698
2304269,Deputado Irapuan Pinheiro - CE,2024,9172
2304277,Ereré - CE,2014,7073
2304277,Ereré - CE,2015,7104
2304277,Ereré - CE,2016,7134
2304277,Ereré - CE,2017,7163
2304277,Ereré - CE,2018,7211
2304277,Ereré - CE,2019,7198
2304277,Ereré - CE,2020,7225
2304277,Ereré - CE,2021,7254
2304277,Ereré - CE,2024,6393
2304285,Eusébio - CE,2014,50308
2304285,Eusébio - CE,2015,51127
2304285,Eusébio - CE,2016,51913
2304285,Eusébio - CE,2017,52667
2304285,Eusébio - CE,2018,52880
2304285,Eusébio - CE,2019,53618
2304285,Eusébio - CE,2020,54337
2304285,Eusébio - CE,2021,55035
2304285,Eusébio - CE,2024,80304
2304301,Farias Brito - CE,2014,18937
2304301,Farias Brito - CE,2015,18861
2304301,Farias Brito - CE,2016,18789
2304301,Farias Brito - CE,2017,18720
2304301,Farias Brito - CE,2018,18882
2304301,Farias Brito - CE,2019,19450
2304301,Farias Brito - CE,2020,19389
2304301,Farias Brito - CE,2021,19330
2304301,Farias Brito - CE,2024,18557
2304350,Forquilha - CE,2014,23276
2304350,Forquilha - CE,2015,23544
2304350,Forquilha - CE,2016,23801
2304350,Forquilha - CE,2017,24047
2304350,Forquilha - CE,2018,24169
2304350,Forquilha - CE,2019,24218
2304350,Forquilha - CE,2020,24452
2304350,Forquilha - CE,2021,24680
2304350,Forquilha - CE,2024,25127
2304400,Fortaleza - CE,2014,2571896
2304400,Fortaleza - CE,2015,2591188
2304400,Fortaleza - CE,2016,2609716
2304400,Fortaleza - CE,2017,2627482
2304400,Fortaleza - CE,2018,2643247
2304400,Fortaleza - CE,2019,2669342
2304400,Fortaleza - CE,2020,2686612
2304400,Fortaleza - CE,2021,2703391
2304400,Fortaleza - CE,2024,2574412
2304459,Fortim - CE,2014,15781
2304459,Fortim - CE,2015,15951
2304459,Fortim - CE,2016,16115
2304459,Fortim - CE,2017,16272
2304459,Fortim - CE,2018,16357
2304459,Fortim - CE,2019,16480
2304459,Fortim - CE,2020,16631
2304459,Fortim - CE,2021,16776
2304459,Fortim - CE,2024,18052
2304509,Frecheirinha - CE,2014,13473
2304509,Frecheirinha - CE,2015,13541
2304509,Frecheirinha - CE,2016,13606
2304509,Frecheirinha - CE,2017,13669
2304509,Frecheirinha - CE,2018,13758
2304509,Frecheirinha - CE,2019,14072
2304509,Frecheirinha - CE,2020,14134
2304509,Frecheirinha - CE,2021,14195
2304509,Frecheirinha - CE,2024,16362
2304608,General Sampaio - CE,2014,6679
2304608,General Sampaio - CE,2015,6763
2304608,General Sampaio - CE,2016,6845
2304608,General Sampaio - CE,2017,6922
2304608,General Sampaio - CE,2018,6956
2304608,General Sampaio - CE,2019,7618
2304608,General Sampaio - CE,2020,7694
2304608,General Sampaio - CE,2021,7767
2304608,General Sampaio - CE,2024,6924
2304657,Graça - CE,2014,15287
2304657,Graça - CE,2015,15294
2304657,Graça - CE,2016,15300
2304657,Graça - CE,2017,15307
2304657,Graça - CE,2018,15423
2304657,Graça - CE,2019,14399
2304657,Graça - CE,2020,14407
2304657,Graça - CE,2021,14415
2304657,Graça - CE,2024,14174
2304707,Granja - CE,2014,53682
2304707,Granja - CE,2015,53918
2304707,Granja - CE,2016,54146
2304707,Granja - CE,2017,54365
2304707,Granja - CE,2018,54729
2304707,Granja - CE,2019,54748
2304707,Granja - CE,2020,54962
2304707,Granja - CE,2021,55170
2304707,Granja - CE,2024,55633
2304806,Granjeiro - CE,2014,4531
2304806,Granjeiro - CE,2015,4494
2304806,Granjeiro - CE,2016,4459
2304806,Granjeiro - CE,2017,4425
2304806,Granjeiro - CE,2018,4469
2304806,Granjeiro - CE,2019,4844
2304806,Granjeiro - CE,2020,4814
2304806,Granjeiro - CE,2021,4784
2304806,Granjeiro - CE,2024,4960
2304905,Groaíras - CE,2014,10759
2304905,Groaíras - CE,2015,10847
2304905,Groaíras - CE,2016,10931
2304905,Groaíras - CE,2017,11012
2304905,Groaíras - CE,2018,11076
2304905,Groaíras - CE,2019,11068
2304905,Groaíras - CE,2020,11144
2304905,Groaíras - CE,2021,11219
2304905,Groaíras - CE,2024,11313
2304954,Guaiúba - CE,2014,25581
2304954,Guaiúba - CE,2015,25841
2304954,Guaiúba - CE,2016,26091
2304954,Guaiúba - CE,2017,26331
2304954,Guaiúba - CE,2018,26472
2304954,Guaiúba - CE,2019,26064
2304954,Guaiúba - CE,2020,26290
2304954,Guaiúba - CE,2021,26508
2304954,Guaiúba - CE,2024,25085
2305001,Guaraciaba do Norte - CE,2014,38995
2305001,Guaraciaba do Norte - CE,2015,39151
2305001,Guaraciaba do Norte - CE,2016,39301
2305001,Guaraciaba do Norte - CE,2017,39445
2305001,Guaraciaba do Norte - CE,2018,39713
2305001,Guaraciaba do Norte - CE,2019,40642
2305001,Guaraciaba do Norte - CE,2020,40784
2305001,Guaraciaba do Norte - CE,2021,40921
2305001,Guaraciaba do Norte - CE,2024,44294
2305100,Guaramiranga - CE,2014,3812
2305100,Guaramiranga - CE,2015,3720
2305100,Guaramiranga - CE,2016,3632
2305100,Guaramiranga - CE,2017,3547
2305100,Guaramiranga - CE,2018,3595
2305100,Guaramiranga - CE,2019,5193
2305100,Guaramiranga - CE,2020,5132
2305100,Guaramiranga - CE,2021,5073
2305100,Guaramiranga - CE,2024,5819
2305209,Hidrolândia - CE,2014,19970
2305209,Hidrolândia - CE,2015,20055
2305209,Hidrolândia - CE,2016,20136
2305209,Hidrolândia - CE,2017,20215
2305209,Hidrolândia - CE,2018,20352
2305209,Hidrolândia - CE,2019,19978
2305209,Hidrolândia - CE,2020,20053
2305209,Hidrolândia - CE,2021,20126
2305209,Hidrolândia - CE,2024,18225
2305233,Horizonte - CE,2014,62002
2305233,Horizonte - CE,2015,63365
2305233,Horizonte - CE,2016,64673
2305233,Horizonte - CE,2017,65928
2305233,Horizonte - CE,2018,66114
2305233,Horizonte - CE,2019,67337
2305233,Horizonte - CE,2020,68529
2305233,Horizonte - CE,2021,69688
2305233,Horizonte - CE,2024,79934
2305266,Ibaretama - CE,2014,13172
2305266,Ibaretama - CE,2015,13188
2305266,Ibaretama - CE,2016,13203
2305266,Ibaretama - CE,2017,13218
2305266,Ibaretama - CE,2018,13317
2305266,Ibaretama - CE,2019,13353
2305266,Ibaretama - CE,2020,13369
2305266,Ibaretama - CE,2021,13385
2305266,Ibaretama - CE,2024,12191
2305308,Ibiapina - CE,2014,24555
2305308,Ibiapina - CE,2015,24649
2305308,Ibiapina - CE,2016,24739
2305308,Ibiapina - CE,2017,24825
2305308,Ibiapina - CE,2018,24995
2305308,Ibiapina - CE,2019,24997
2305308,Ibiapina - CE,2020,25082
2305308,Ibiapina - CE,2021,25165
2305308,Ibiapina - CE,2024,24649
2305332,Ibicuitinga - CE,2014,12012
2305332,Ibicuitinga - CE,2015,12130
2305332,Ibicuitinga - CE,2016,12242
2305332,Ibicuitinga - CE,2017,12350
2305332,Ibicuitinga - CE,2018,12419
2305332,Ibicuitinga - CE,2019,12525
2305332,Ibicuitinga - CE,2020,12629
2305332,Ibicuitinga - CE,2021,12730
2305332,Ibicuitinga - CE,2024,11979
2305357,Icapuí - CE,2014,19276
2305357,Icapuí - CE,2015,19418
2305357,Icapuí - CE,2016,19554
2305357,Icapuí - CE,2017,19685
2305357,Icapuí - CE,2018,19804
2305357,Icapuí - CE,2019,19934
2305357,Icapuí - CE,2020,20060
2305357,Icapuí - CE,2021,20183
2305357,Icapuí - CE,2024,22367
2305407,Icó - CE,2014,67045
2305407,Icó - CE,2015,67198
2305407,Icó - CE,2016,67345
2305407,Icó - CE,2017,67486
2305407,Icó - CE,2018,67972
2305407,Icó - CE,2019,68018
2305407,Icó - CE,2020,68162
2305407,Icó - CE,2021,68303
2305407,Icó - CE,2024,64802
2305506,Iguatu - CE,2014,100733
2305506,Iguatu - CE,2015,101386
2305506,Iguatu - CE,2016,102013
2305506,Iguatu - CE,2017,102614
2305506,Iguatu - CE,2018,103255
2305506,Iguatu - CE,2019,102498
2305506,Iguatu - CE,2020,103074
2305506,Iguatu - CE,2021,103633
2305506,Iguatu - CE,2024,102251
2305605,Independência - CE,2014,25952
2305605,Independência - CE,2015,25957
2305605,Independência - CE,2016,25962
2305605,Independência - CE,2017,25967
2305605,Independência - CE,2018,26168
2305605,Independência - CE,2019,26178
2305605,Independência - CE,2020,26187
2305605,Independência - CE,2021,26196
2305605,Independência - CE,2024,24530
2305654,Ipaporanga - CE,2014,11500
2305654,Ipaporanga - CE,2015,11499
2305654,Ipaporanga - CE,2016,11499
2305654,Ipaporanga - CE,2017,11499
2305654,Ipaporanga - CE,2018,11587
2305654,Ipaporanga - CE,2019,11593
2305654,Ipaporanga - CE,2020,11596
2305654,Ipaporanga - CE,2021,11597
2305654,Ipaporanga - CE,2024,11937
2305704,Ipaumirim - CE,2014,12281
2305704,Ipaumirim - CE,2015,12305
2305704,Ipaumirim - CE,2016,12327
2305704,Ipaumirim - CE,2017,12349
2305704,Ipaumirim - CE,2018,12439
2305704,Ipaumirim - CE,2019,12463
2305704,Ipaumirim - CE,2020,12485
2305704,Ipaumirim - CE,2021,12507
2305704,Ipaumirim - CE,2024,12441
2305803,Ipu - CE,2014,41292
2305803,Ipu - CE,2015,41391
2305803,Ipu - CE,2016,41485
2305803,Ipu - CE,2017,41576
2305803,Ipu - CE,2018,41873
2305803,Ipu - CE,2019,41964
2305803,Ipu - CE,2020,42058
2305803,Ipu - CE,2021,42148
2305803,Ipu - CE,2024,42968
2305902,Ipueiras - CE,2014,38089
2305902,Ipueiras - CE,2015,38022
2305902,Ipueiras - CE,2016,37957
2305902,Ipueiras - CE,2017,37896
2305902,Ipueiras - CE,2018,38205
2305902,Ipueiras - CE,2019,38166
2305902,Ipueiras - CE,2020,38114
2305902,Ipueiras - CE,2021,38064
2305902,Ipueiras - CE,2024,38285
2306009,Iracema - CE,2014,14042
2306009,Iracema - CE,2015,14071
2306009,Iracema - CE,2016,14098
2306009,Iracema - CE,2017,14125
2306009,Iracema - CE,2018,14227
2306009,Iracema - CE,2019,14297
2306009,Iracema - CE,2020,14326
2306009,Iracema - CE,2021,14351
2306009,Iracema - CE,2024,14411
2306108,Irauçuba - CE,2014,23376
2306108,Irauçuba - CE,2015,23543
2306108,Irauçuba - CE,2016,23704
2306108,Irauçuba - CE,2017,23858
2306108,Irauçuba - CE,2018,24003
2306108,Irauçuba - CE,2019,24156
2306108,Irauçuba - CE,2020,24305
2306108,Irauçuba - CE,2021,24450
2306108,Irauçuba - CE,2024,24751
2306207,Itaiçaba - CE,2014,7612
2306207,Itaiçaba - CE,2015,7656
2306207,Itaiçaba - CE,2016,7698
2306207,Itaiçaba - CE,2017,7738
2306207,Itaiçaba - CE,2018,7787
2306207,Itaiçaba - CE,2019,7827
2306207,Itaiçaba - CE,2020,7866
2306207,Itaiçaba - CE,2021,7904
2306207,Itaiçaba - CE,2024,7779
2306256,Itaitinga - CE,2014,38131
2306256,Itaitinga - CE,2015,38540
2306256,Itaitinga - CE,2016,38933
2306256,Itaitinga - CE,2017,39310
2306256,Itaitinga - CE,2018,39518
2306256,Itaitinga - CE,2019,37980
2306256,Itaitinga - CE,2020,38325
2306256,Itaitinga - CE,2021,38661
2306256,Itaitinga - CE,2024,70679
2306306,Itapajé - CE,2014,50671
2306306,Itapajé - CE,2015,51113
2306306,Itapajé - CE,2016,51538
2306306,Itapajé - CE,2017,51945
2306306,Itapajé - CE,2018,52240
2306306,Itapajé - CE,2019,52675
2306306,Itapajé - CE,2020,53067
2306306,Itapajé - CE,2021,53448
2306306,Itapajé - CE,2024,49086
2306405,Itapipoca - CE,2014,123613
2306405,Itapipoca - CE,2015,124950
2306405,Itapipoca - CE,2016,126234
2306405,Itapipoca - CE,2017,127465
2306405,Itapipoca - CE,2018,128135
2306405,Itapipoca - CE,2019,129358
2306405,Itapipoca - CE,2020,130539
2306405,Itapipoca - CE,2021,131687
2306405,Itapipoca - CE,2024,137892
2306504,Itapiúna - CE,2014,19570
2306504,Itapiúna - CE,2015,19724
2306504,Itapiúna - CE,2016,19872
2306504,Itapiúna - CE,2017,20014
2306504,Itapiúna - CE,2018,20133
2306504,Itapiúna - CE,2019,20382
2306504,Itapiúna - CE,2020,20520
2306504,Itapiúna - CE,2021,20653
2306504,Itapiúna - CE,2024,18228
2306553,Itarema - CE,2014,39955
2306553,Itarema - CE,2015,40398
2306553,Itarema - CE,2016,40822
2306553,Itarema - CE,2017,41230
2306553,Itarema - CE,2018,41445
2306553,Itarema - CE,2019,41826
2306553,Itarema - CE,2020,42215
2306553,Itarema - CE,2021,42595
2306553,Itarema - CE,2024,45465
2306603,Itatira - CE,2014,20077
2306603,Itatira - CE,2015,20285
2306603,Itatira - CE,2016,20484
2306603,Itatira - CE,2017,20675
2306603,Itatira - CE,2018,20786
2306603,Itatira - CE,2019,21647
2306603,Itatira - CE,2020,21836
2306603,Itatira - CE,2021,22018
2306603,Itatira - CE,2024,21087
2306702,Jaguaretama - CE,2014,18018
2306702,Jaguaretama - CE,2015,17997
2306702,Jaguaretama - CE,2016,17977
2306702,Jaguaretama - CE,2017,17958
2306702,Jaguaretama - CE,2018,18102
2306702,Jaguaretama - CE,2019,18162
2306702,Jaguaretama - CE,2020,18147
2306702,Jaguaretama - CE,2021,18133
2306702,Jaguaretama - CE,2024,17625
2306801,Jaguaribara - CE,2014,10999
2306801,Jaguaribara - CE,2015,11102
2306801,Jaguaribara - CE,2016,11200
2306801,Jaguaribara - CE,2017,11295
2306801,Jaguaribara - CE,2018,11359
2306801,Jaguaribara - CE,2019,11401
2306801,Jaguaribara - CE,2020,11492
2306801,Jaguaribara - CE,2021,11580
2306801,Jaguaribara - CE,2024,10656
2306900,Jaguaribe - CE,2014,34621
2306900,Jaguaribe - CE,2015,34561
2306900,Jaguaribe - CE,2016,34503
2306900,Jaguaribe - CE,2017,34448
2306900,Jaguaribe - CE,2018,34729
2306900,Jaguaribe - CE,2019,34682
2306900,Jaguaribe - CE,2020,34636
2306900,Jaguaribe - CE,2021,34592
2306900,Jaguaribe - CE,2024,35124
2307007,Jaguaruana - CE,2014,33324
2307007,Jaguaruana - CE,2015,33469
2307007,Jaguaruana - CE,2016,33607
2307007,Jaguaruana - CE,2017,33740
2307007,Jaguaruana - CE,2018,33967
2307007,Jaguaruana - CE,2019,33705
2307007,Jaguaruana - CE,2020,33834
2307007,Jaguaruana - CE,2021,33960
2307007,Jaguaruana - CE,2024,33070
2307106,Jardim - CE,2014,27069
2307106,Jardim - CE,2015,27072
2307106,Jardim - CE,2016,27074
2307106,Jardim - CE,2017,27076
2307106,Jardim - CE,2018,27284
2307106,Jardim - CE,2019,27174
2307106,Jardim - CE,2020,27181
2307106,Jardim - CE,2021,27187
2307106,Jardim - CE,2024,28707
2307205,Jati - CE,2014,7785
2307205,Jati - CE,2015,7807
2307205,Jati - CE,2016,7827
2307205,Jati - CE,2017,7847
2307205,Jati - CE,2018,7902
2307205,Jati - CE,2019,8111
2307205,Jati - CE,2020,8130
2307205,Jati - CE,2021,8150
2307205,Jati - CE,2024,8100
2307254,Jijoca de Jericoacoara - CE,2014,18616
2307254,Jijoca de Jericoacoara - CE,2015,18926
2307254,Jijoca de Jericoacoara - CE,2016,19224
2307254,Jijoca de Jericoacoara - CE,2017,19510
2307254,Jijoca de Jericoacoara - CE,2018,19587
2307254,Jijoca de Jericoacoara - CE,2019,19816
2307254,Jijoca de Jericoacoara - CE,2020,20087
2307254,Jijoca de Jericoacoara - CE,2021,20351
2307254,Jijoca de Jericoacoara - CE,2024,27662
2307304,Juazeiro do Norte - CE,2014,263704
2307304,Juazeiro do Norte - CE,2015,266022
2307304,Juazeiro do Norte - CE,2016,268248
2307304,Juazeiro do Norte - CE,2017,270383
2307304,Juazeiro do Norte - CE,2018,271926
2307304,Juazeiro do Norte - CE,2019,274207
2307304,Juazeiro do Norte - CE,2020,276264
2307304,Juazeiro do Norte - CE,2021,278264
2307304,Juazeiro do Norte - CE,2024,303004
2307403,Jucás - CE,2014,24417
2307403,Jucás - CE,2015,24479
2307403,Jucás - CE,2016,24540
2307403,Jucás - CE,2017,24597
2307403,Jucás - CE,2018,24773
2307403,Jucás - CE,2019,24833
2307403,Jucás - CE,2020,24892
2307403,Jucás - CE,2021,24949
2307403,Jucás - CE,2024,24591
2307502,Lavras da Mangabeira - CE,2014,31409
2307502,Lavras da Mangabeira - CE,2015,31383
2307502,Lavras da Mangabeira - CE,2016,31359
2307502,Lavras da Mangabeira - CE,2017,31335
2307502,Lavras da Mangabeira - CE,2018,31584
2307502,Lavras da Mangabeira - CE,2019,31508
2307502,Lavras da Mangabeira - CE,2020,31492
2307502,Lavras da Mangabeira - CE,2021,31476
2307502,Lavras da Mangabeira - CE,2024,32123
2307601,Limoeiro do Norte - CE,2014,57782
2307601,Limoeiro do Norte - CE,2015,58175
2307601,Limoeiro do Norte - CE,2016,58552
2307601,Limoeiro do Norte - CE,2017,58915
2307601,Limoeiro do Norte - CE,2018,59278
2307601,Limoeiro do Norte - CE,2019,59540
2307601,Limoeiro do Norte - CE,2020,59890
2307601,Limoeiro do Norte - CE,2021,60232
2307601,Limoeiro do Norte - CE,2024,62285
2307635,Madalena - CE,2014,19225
2307635,Madalena - CE,2015,19425
2307635,Madalena - CE,2016,19616
2307635,Madalena - CE,2017,19800
2307635,Madalena - CE,2018,19906
2307635,Madalena - CE,2019,19691
2307635,Madalena - CE,2020,19864
2307635,Madalena - CE,2021,20031
2307635,Madalena - CE,2024,17264
2307650,Maracanaú - CE,2014,219749
2307650,Maracanaú - CE,2015,221504
2307650,Maracanaú - CE,2016,223188
2307650,Maracanaú - CE,2017,224804
2307650,Maracanaú - CE,2018,226128
2307650,Maracanaú - CE,2019,227886
2307650,Maracanaú - CE,2020,229458
2307650,Maracanaú - CE,2021,230986
2307650,Maracanaú - CE,2024,249684
2307700,Maranguape - CE,2014,122020
2307700,Maranguape - CE,2015,123570
2307700,Maranguape - CE,2016,125058
2307700,Maranguape - CE,2017,126486
2307700,Maranguape - CE,2018,127098
2307700,Maranguape - CE,2019,128978
2307700,Maranguape - CE,2020,130346
2307700,Maranguape - CE,2021,131677
2307700,Maranguape - CE,2024,108937
2307809,Marco - CE,2014,26219
2307809,Marco - CE,2015,26484
2307809,Marco - CE,2016,26738
2307809,Marco - CE,2017,26981
2307809,Marco - CE,2018,27127
2307809,Marco - CE,2019,27361
2307809,Marco - CE,2020,27595
2307809,Marco - CE,2021,27822
2307809,Marco - CE,2024,27064
2307908,Martinópole - CE,2014,10796
2307908,Martinópole - CE,2015,10895
2307908,Martinópole - CE,2016,10990
2307908,Martinópole - CE,2017,11082
2307908,Martinópole - CE,2018,11143
2307908,Martinópole - CE,2019,11233
2307908,Martinópole - CE,2020,11321
2307908,Martinópole - CE,2021,11407
2307908,Martinópole - CE,2024,11232
2308005,Massapê - CE,2014,37214
2308005,Massapê - CE,2015,37560
2308005,Massapê - CE,2016,37892
2308005,Massapê - CE,2017,38210
2308005,Massapê - CE,2018,38424
2308005,Massapê - CE,2019,38737
2308005,Massapê - CE,2020,39044
2308005,Massapê - CE,2021,39341
2308005,Massapê - CE,2024,39633
2308104,Mauriti - CE,2014,45881
2308104,Mauriti - CE,2015,46113
2308104,Mauriti - CE,2016,46335
2308104,Mauriti - CE,2017,46548
2308104,Mauriti - CE,2018,46854
2308104,Mauriti - CE,2019,47962
2308104,Mauriti - CE,2020,48168
2308104,Mauriti - CE,2021,48370
2308104,Mauriti - CE,2024,47406
2308203,Meruoca - CE,2014,14529
2308203,Meruoca - CE,2015,14674
2308203,Meruoca - CE,2016,14814
2308203,Meruoca - CE,2017,14948
2308203,Meruoca - CE,2018,15030
2308203,Meruoca - CE,2019,15057
2308203,Meruoca - CE,2020,15185
2308203,Meruoca - CE,2021,15309
2308203,Meruoca - CE,2024,15749
2308302,Milagres - CE,2014,28419
2308302,Milagres - CE,2015,28354
2308302,Milagres - CE,2016,28292
2308302,Milagres - CE,2017,28231
2308302,Milagres - CE,2018,28466
2308302,Milagres - CE,2019,27512
2308302,Milagres - CE,2020,27462
2308302,Milagres - CE,2021,27413
2308302,Milagres - CE,2024,26860
2308351,Milhã - CE,2014,13188
2308351,Milhã - CE,2015,13170
2308351,Milhã - CE,2016,13152
2308351,Milhã - CE,2017,13136
2308351,Milhã - CE,2018,13241
2308351,Milhã - CE,2019,13155
2308351,Milhã - CE,2020,13142
2308351,Milhã - CE,2021,13129
2308351,Milhã - CE,2024,14635
2308377,Miraíma - CE,2014,13345
2308377,Miraíma - CE,2015,13428
2308377,Miraíma - CE,2016,13507
2308377,Miraíma - CE,2017,13583
2308377,Miraíma - CE,2018,13669
2308377,Miraíma - CE,2019,13818
2308377,Miraíma - CE,2020,13894
2308377,Miraíma - CE,2021,13965
2308377,Miraíma - CE,2024,14736
2308401,Missão Velha - CE,2014,35150
2308401,Missão Velha - CE,2015,35240
2308401,Missão Velha - CE,2016,35326
2308401,Missão Velha - CE,2017,35409
2308401,Missão Velha - CE,2018,35662
2308401,Missão Velha - CE,2019,35393
2308401,Missão Velha - CE,2020,35480
2308401,Missão Velha - CE,2021,35566
2308401,Missão Velha - CE,2024,38767
2308500,Mombaça - CE,2014,43557
2308500,Mombaça - CE,2015,43619
2308500,Mombaça - CE,2016,43678
2308500,Mombaça - CE,2017,43735
2308500,Mombaça - CE,2018,44060
2308500,Mombaça - CE,2019,43797
2308500,Mombaça - CE,2020,43858
2308500,Mombaça - CE,2021,43917
2308500,Mombaça - CE,2024,38649
2308609,Monsenhor Tabosa - CE,2014,16998
2308609,Monsenhor Tabosa - CE,2015,17012
2308609,Monsenhor Tabosa - CE,2016,17025
2308609,Monsenhor Tabosa - CE,2017,17038
2308609,Monsenhor Tabosa - CE,2018,17167
2308609,Monsenhor Tabosa - CE,2019,17234
2308609,Monsenhor Tabosa - CE,2020,17249
2308609,Monsenhor Tabosa - CE,2021,17264
2308609,Monsenhor Tabosa - CE,2024,17664
2308708,Morada Nova - CE,2014,62091
2308708,Morada Nova - CE,2015,61903
2308708,Morada Nova - CE,2016,61722
2308708,Morada Nova - CE,2017,61548
2308708,Morada Nova - CE,2018,62069
2308708,Morada Nova - CE,2019,61890
2308708,Morada Nova - CE,2020,61738
2308708,Morada Nova - CE,2021,61590
2308708,Morada Nova - CE,2024,65323
2308807,Moraújo - CE,2014,8457
2308807,Moraújo - CE,2015,8520
2308807,Moraújo - CE,2016,8579
2308807,Moraújo - CE,2017,8636
2308807,Moraújo - CE,2018,8689
2308807,Moraújo - CE,2019,8724
2308807,Moraújo - CE,2020,8779
2308807,Moraújo - CE,2021,8833
2308807,Moraújo - CE,2024,8516
2308906,Morrinhos - CE,2014,21737
2308906,Morrinhos - CE,2015,21905
2308906,Morrinhos - CE,2016,22067
2308906,Morrinhos - CE,2017,22222
2308906,Morrinhos - CE,2018,22354
2308906,Morrinhos - CE,2019,22534
2308906,Morrinhos - CE,2020,22685
2308906,Morrinhos - CE,2021,22830
2308906,Morrinhos - CE,2024,23608
2309003,Mucambo - CE,2014,14346
2309003,Mucambo - CE,2015,14357
2309003,Mucambo - CE,2016,14367
2309003,Mucambo - CE,2017,14377
2309003,Mucambo - CE,2018,14485
2309003,Mucambo - CE,2019,14537
2309003,Mucambo - CE,2020,14549
2309003,Mucambo - CE,2021,14561
2309003,Mucambo - CE,2024,14009
2309102,Mulungu - CE,2014,12364
2309102,Mulungu - CE,2015,12526
2309102,Mulungu - CE,2016,12682
2309102,Mulungu - CE,2017,12831
2309102,Mulungu - CE,2018,12892
2309102,Mulungu - CE,2019,10823
2309102,Mulungu - CE,2020,10941
2309102,Mulungu - CE,2021,11056
2309102,Mulungu - CE,2024,10993
2309201,Nova Olinda - CE,2014,15048
2309201,Nova Olinda - CE,2015,15181
2309201,Nova Olinda - CE,2016,15310
2309201,Nova Olinda - CE,2017,15433
2309201,Nova Olinda - CE,2018,15520
2309201,Nova Olinda - CE,2019,15565
2309201,Nova Olinda - CE,2020,15684
2309201,Nova Olinda - CE,2021,15798
2309201,Nova Olinda - CE,2024,15960
2309300,Nova Russas - CE,2014,31783
2309300,Nova Russas - CE,2015,31870
2309300,Nova Russas - CE,2016,31954
2309300,Nova Russas - CE,2017,32035
2309300,Nova Russas - CE,2018,32262
2309300,Nova Russas - CE,2019,32328
2309300,Nova Russas - CE,2020,32408
2309300,Nova Russas - CE,2021,32487
2309300,Nova Russas - CE,2024,32014
2309409,Novo Oriente - CE,2014,28149
2309409,Novo Oriente - CE,2015,28220
2309409,Novo Oriente - CE,2016,28288
2309409,Novo Oriente - CE,2017,28353
2309409,Novo Oriente - CE,2018,28557
2309409,Novo Oriente - CE,2019,28607
2309409,Novo Oriente - CE,2020,28673
2309409,Novo Oriente - CE,2021,28737
2309409,Novo Oriente - CE,2024,29043
2309458,Ocara - CE,2014,24979
2309458,Ocara - CE,2015,25123
2309458,Ocara - CE,2016,25261
2309458,Ocara - CE,2017,25394
2309458,Ocara - CE,2018,25557
2309458,Ocara - CE,2019,25703
2309458,Ocara - CE,2020,25833
2309458,Ocara - CE,2021,25958
2309458,Ocara - CE,2024,25218
2309508,Orós - CE,2014,21447
2309508,Orós - CE,2015,21394
2309508,Orós - CE,2016,21342
2309508,Orós - CE,2017,21292
2309508,Orós - CE,2018,21471
2309508,Orós - CE,2019,21427
2309508,Orós - CE,2020,21384
2309508,Orós - CE,2021,21342
2309508,Orós - CE,2024,20019
2309607,Pacajus - CE,2014,67678
2309607,Pacajus - CE,2015,68800
2309607,Pacajus - CE,2016,69877
2309607,Pacajus - CE,2017,70911
2309607,Pacajus - CE,2018,71193
2309607,Pacajus - CE,2019,72203
2309607,Pacajus - CE,2020,73188
2309607,Pacajus - CE,2021,74145
2309607,Pacajus - CE,2024,74825
2309706,Pacatuba - CE,2014,79077
2309706,Pacatuba - CE,2015,80378
2309706,Pacatuba - CE,2016,81627
2309706,Pacatuba - CE,2017,82824
2309706,Pacatuba - CE,2018,83157
2309706,Pacatuba - CE,2019,83432
2309706,Pacatuba - CE,2020,84554
2309706,Pacatuba - CE,2021,85647
2309706,Pacatuba - CE,2024,85873
2309805,Pacoti - CE,2014,11884
2309805,Pacoti - CE,2015,11910
2309805,Pacoti - CE,2016,11936
2309805,Pacoti - CE,2017,11960
2309805,Pacoti - CE,2018,12046
2309805,Pacoti - CE,2019,12261
2309805,Pacoti - CE,2020,12288
2309805,Pacoti - CE,2021,12313
2309805,Pacoti - CE,2024,11442
2309904,Pacujá - CE,2014,6150
2309904,Pacujá - CE,2015,6168
2309904,Pacujá - CE,2016,6186
2309904,Pacujá - CE,2017,6202
2309904,Pacujá - CE,2018,6246
2309904,Pacujá - CE,2019,6533
2309904,Pacujá - CE,2020,6549
2309904,Pacujá - CE,2021,6565
2309904,Pacujá - CE,2024,6345
2310001,Palhano - CE,2014,9169
2310001,Palhano - CE,2015,9209
2310001,Palhano - CE,2016,9248
2310001,Palhano - CE,2017,9285
2310001,Palhano - CE,2018,9348
2310001,Palhano - CE,2019,9386
2310001,Palhano - CE,2020,9422
2310001,Palhano - CE,2021,9458
2310001,Palhano - CE,2024,9671
2310100,Palmácia - CE,2014,12762
2310100,Palmácia - CE,2015,12895
2310100,Palmácia - CE,2016,13022
2310100,Palmácia - CE,2017,13145
2310100,Palmácia - CE,2018,13214
2310100,Palmácia - CE,2019,13322
2310100,Palmácia - CE,2020,13439
2310100,Palmácia - CE,2021,13553
2310100,Palmácia - CE,2024,10339
2310209,Paracuru - CE,2014,33178
2310209,Paracuru - CE,2015,33426
2310209,Paracuru - CE,2016,33665
2310209,Paracuru - CE,2017,33894
2310209,Paracuru - CE,2018,34097
2310209,Paracuru - CE,2019,35076
2310209,Paracuru - CE,2020,35304
2310209,Paracuru - CE,2021,35526
2310209,Paracuru - CE,2024,41447
2310258,Paraipaba - CE,2014,31705
2310258,Paraipaba - CE,2015,31986
2310258,Paraipaba - CE,2016,32256
2310258,Paraipaba - CE,2017,32515
2310258,Paraipaba - CE,2018,32700
2310258,Paraipaba - CE,2019,32744
2310258,Paraipaba - CE,2020,32992
2310258,Paraipaba - CE,2021,33232
2310258,Paraipaba - CE,2024,33896
2310308,Parambu - CE,2014,31376
2310308,Parambu - CE,2015,31293
2310308,Parambu - CE,2016,31213
2310308,Parambu - CE,2017,31137
2310308,Parambu - CE,2018,31398
2310308,Parambu - CE,2019,31521
2310308,Parambu - CE,2020,31455
2310308,Parambu - CE,2021,31391
2310308,Parambu - CE,2024,32816
2310407,Paramoti - CE,2014,11533
2310407,Paramoti - CE,2015,11549
2310407,Paramoti - CE,2016,11564
2310407,Paramoti - CE,2017,11578
2310407,Paramoti - CE,2018,11664
2310407,Paramoti - CE,2019,12226
2310407,Paramoti - CE,2020,12252
2310407,Paramoti - CE,2021,12276
2310407,Paramoti - CE,2024,10528
2310506,Pedra Branca - CE,2014,42696
2310506,Pedra Branca - CE,2015,42746
2310506,Pedra Branca - CE,2016,42795
2310506,Pedra Branca - CE,2017,42841
2310506,Pedra Branca - CE,2018,43160
2310506,Pedra Branca - CE,2019,43258
2310506,Pedra Branca - CE,2020,43309
2310506,Pedra Branca - CE,2021,43359
2310506,Pedra Branca - CE,2024,42257
2310605,Penaforte - CE,2014,8743
2310605,Penaforte - CE,2015,8817
2310605,Penaforte - CE,2016,8888
2310605,Penaforte - CE,2017,8956
2310605,Penaforte - CE,2018,9010
2310605,Penaforte - CE,2019,9077
2310605,Penaforte - CE,2020,9143
2310605,Penaforte - CE,2021,9207
2310605,Penaforte - CE,2024,9308
2310704,Pentecoste - CE,2014,36611
2310704,Pentecoste - CE,2015,36773
2310704,Pentecoste - CE,2016,36928
2310704,Pentecoste - CE,2017,37077
2310704,Pentecoste - CE,2018,37326
2310704,Pentecoste - CE,2019,37751
2310704,Pentecoste - CE,2020,37900
2310704,Pentecoste - CE,2021,38045
2310704,Pentecoste - CE,2024,39715
2310803,Pereiro - CE,2014,16089
2310803,Pereiro - CE,2015,16115
2310803,Pereiro - CE,2016,16139
2310803,Pereiro - CE,2017,16163
2310803,Pereiro - CE,2018,16281
2310803,Pereiro - CE,2019,16307
2310803,Pereiro - CE,2020,16331
2310803,Pereiro - CE,2021,16356
2310803,Pereiro - CE,2024,15869
2310852,Pindoretama - CE,2014,19975
2310852,Pindoretama - CE,2015,20207
2310852,Pindoretama - CE,2016,20430
2310852,Pindoretama - CE,2017,20644
2310852,Pindoretama - CE,2018,20748
2310852,Pindoretama - CE,2019,20567
2310852,Pindoretama - CE,2020,20769
2310852,Pindoretama - CE,2021,20964
2310852,Pindoretama - CE,2024,24607
2310902,Piquet Carneiro - CE,2014,16318
2310902,Piquet Carneiro - CE,2015,16461
2310902,Piquet Carneiro - CE,2016,16599
2310902,Piquet Carneiro - CE,2017,16731
2310902,Piquet Carneiro - CE,2018,16827
2310902,Piquet Carneiro - CE,2019,16959
2310902,Piquet Carneiro - CE,2020,17086
2310902,Piquet Carneiro - CE,2021,17210
2310902,Piquet Carneiro - CE,2024,17202
2310951,Pires Ferreira - CE,2014,10616
2310951,Pires Ferreira - CE,2015,10674
2310951,Pires Ferreira - CE,2016,10730
2310951,Pires Ferreira - CE,2017,10784
2310951,Pires Ferreira - CE,2018,10853
2310951,Pires Ferreira - CE,2019,10951
2310951,Pires Ferreira - CE,2020,11001
2310951,Pires Ferreira - CE,2021,11052
2310951,Pires Ferreira - CE,2024,10952
2311009,Poranga - CE,2014,12214
2311009,Poranga - CE,2015,12224
2311009,Poranga - CE,2016,12234
2311009,Poranga - CE,2017,12243
2311009,Poranga - CE,2018,12334
2311009,Poranga - CE,2019,12336
2311009,Poranga - CE,2020,12347
2311009,Poranga - CE,2021,12358
2311009,Poranga - CE,2024,12423
2311108,Porteiras - CE,2014,15058
2311108,Porteiras - CE,2015,15010
2311108,Porteiras - CE,2016,14965
2311108,Porteiras - CE,2017,14921
2311108,Porteiras - CE,2018,15047
2311108,Porteiras - CE,2019,14996
2311108,Porteiras - CE,2020,14958
2311108,Porteiras - CE,2021,14920
2311108,Porteiras - CE,2024,17745
2311207,Potengi - CE,2014,10722
2311207,Potengi - CE,2015,10790
2311207,Potengi - CE,2016,10856
2311207,Potengi - CE,2017,10918
2311207,Potengi - CE,2018,10986
2311207,Potengi - CE,2019,11045
2311207,Potengi - CE,2020,11106
2311207,Potengi - CE,2021,11165
2311207,Potengi - CE,2024,8926
2311231,Potiretama - CE,2014,6299
2311231,Potiretama - CE,2015,6318
2311231,Potiretama - CE,2016,6337
2311231,Potiretama - CE,2017,6356
2311231,Potiretama - CE,2018,6400
2311231,Potiretama - CE,2019,6419
2311231,Potiretama - CE,2020,6437
2311231,Potiretama - CE,2021,6455
2311231,Potiretama - CE,2024,6129
2311264,Quiterianópolis - CE,2014,20600
2311264,Quiterianópolis - CE,2015,20690
2311264,Quiterianópolis - CE,2016,20777
2311264,Quiterianópolis - CE,2017,20860
2311264,Quiterianópolis - CE,2018,21000
2311264,Quiterianópolis - CE,2019,21084
2311264,Quiterianópolis - CE,2020,21166
2311264,Quiterianópolis - CE,2021,21246
2311264,Quiterianópolis - CE,2024,20506
2311306,Quixadá - CE,2014,84684
2311306,Quixadá - CE,2015,85351
2311306,Quixadá - CE,2016,85991
2311306,Quixadá - CE,2017,86605
2311306,Quixadá - CE,2018,87116
2311306,Quixadá - CE,2019,87728
2311306,Quixadá - CE,2020,88321
2311306,Quixadá - CE,2021,88899
2311306,Quixadá - CE,2024,88483
2311355,Quixelô - CE,2014,14997
2311355,Quixelô - CE,2015,14949
2311355,Quixelô - CE,2016,14903
2311355,Quixelô - CE,2017,14860
2311355,Quixelô - CE,2018,14986
2311355,Quixelô - CE,2019,16178
2311355,Quixelô - CE,2020,16147
2311355,Quixelô - CE,2021,16116
2311355,Quixelô - CE,2024,16992
2311405,Quixeramobim - CE,2014,76386
2311405,Quixeramobim - CE,2015,77174
2311405,Quixeramobim - CE,2016,77931
2311405,Quixeramobim - CE,2017,78658
2311405,Quixeramobim - CE,2018,79081
2311405,Quixeramobim - CE,2019,81082
2311405,Quixeramobim - CE,2020,81778
2311405,Quixeramobim - CE,2021,82455
2311405,Quixeramobim - CE,2024,85797
2311504,Quixeré - CE,2014,21410
2311504,Quixeré - CE,2015,21572
2311504,Quixeré - CE,2016,21728
2311504,Quixeré - CE,2017,21876
2311504,Quixeré - CE,2018,22008
2311504,Quixeré - CE,2019,22149
2311504,Quixeré - CE,2020,22293
2311504,Quixeré - CE,2021,22432
2311504,Quixeré - CE,2024,21607
2311603,Redenção - CE,2014,27182
2311603,Redenção - CE,2015,27272
2311603,Redenção - CE,2016,27358
2311603,Redenção - CE,2017,27441
2311603,Redenção - CE,2018,27633
2311603,Redenção - CE,2019,29053
2311603,Redenção - CE,2020,29146
2311603,Redenção - CE,2021,29238
2311603,Redenção - CE,2024,28359
2311702,Reriutaba - CE,2014,19145
2311702,Reriutaba - CE,2015,19015
2311702,Reriutaba - CE,2016,18889
2311702,Reriutaba - CE,2017,18769
2311702,Reriutaba - CE,2018,18945
2311702,Reriutaba - CE,2019,18491
2311702,Reriutaba - CE,2020,18385
2311702,Reriutaba - CE,2021,18279
2311702,Reriutaba - CE,2024,19059
2311801,Russas - CE,2014,74243
2311801,Russas - CE,2015,75018
2311801,Russas - CE,2016,75762
2311801,Russas - CE,2017,76475
2311801,Russas - CE,2018,76884
2311801,Russas - CE,2019,78194
2311801,Russas - CE,2020,78882
2311801,Russas - CE,2021,79550
2311801,Russas - CE,2024,74582
2311900,Saboeiro - CE,2014,15793
2311900,Saboeiro - CE,2015,15753
2311900,Saboeiro - CE,2016,15715
2311900,Saboeiro - CE,2017,15678
2311900,Saboeiro - CE,2018,15808
2311900,Saboeiro - CE,2019,15819
2311900,Saboeiro - CE,2020,15788
2311900,Saboeiro - CE,2021,15757
2311900,Saboeiro - CE,2024,14036
2311959,Salitre - CE,2014,16070
2311959,Salitre - CE,2015,16161
2311959,Salitre - CE,2016,16248
2311959,Salitre - CE,2017,16331
2311959,Salitre - CE,2018,16435
2311959,Salitre - CE,2019,16554
2311959,Salitre - CE,2020,16635
2311959,Salitre - CE,2021,16714
2311959,Salitre - CE,2024,17220
2312007,Santana do Acaraú - CE,2014,31369
2312007,Santana do Acaraú - CE,2015,31596
2312007,Santana do Acaraú - CE,2016,31814
2312007,Santana do Acaraú - CE,2017,32023
2312007,Santana do Acaraú - CE,2018,32216
2312007,Santana do Acaraú - CE,2019,32452
2312007,Santana do Acaraú - CE,2020,32654
2312007,Santana do Acaraú - CE,2021,32851
2312007,Santana do Acaraú - CE,2024,32043
2312106,Santana do Cariri - CE,2014,17457
2312106,Santana do Cariri - CE,2015,17468
2312106,Santana do Cariri - CE,2016,17479
2312106,Santana do Cariri - CE,2017,17489
2312106,Santana do Cariri - CE,2018,17622
2312106,Santana do Cariri - CE,2019,17700
2312106,Santana do Cariri - CE,2020,17712
2312106,Santana do Cariri - CE,2021,17726
2312106,Santana do Cariri - CE,2024,17388
2312205,Santa Quitéria - CE,2014,43359
2312205,Santa Quitéria - CE,2015,43359
2312205,Santa Quitéria - CE,2016,43359
2312205,Santa Quitéria - CE,2017,43360
2312205,Santa Quitéria - CE,2018,43695
2312205,Santa Quitéria - CE,2019,43703
2312205,Santa Quitéria - CE,2020,43711
2312205,Santa Quitéria - CE,2021,43719
2312205,Santa Quitéria - CE,2024,41647
2312304,São Benedito - CE,2014,45917
2312304,São Benedito - CE,2015,46171
2312304,São Benedito - CE,2016,46414
2312304,São Benedito - CE,2017,46648
2312304,São Benedito - CE,2018,46949
2312304,São Benedito - CE,2019,47903
2312304,São Benedito - CE,2020,48131
2312304,São Benedito - CE,2021,48354
2312304,São Benedito - CE,2024,49829
2312403,São Gonçalo do Amarante - CE,2014,46783
2312403,São Gonçalo do Amarante - CE,2015,47297
2312403,São Gonçalo do Amarante - CE,2016,47791
2312403,São Gonçalo do Amarante - CE,2017,48265
2312403,São Gonçalo do Amarante - CE,2018,48516
2312403,São Gonçalo do Amarante - CE,2019,48422
2312403,São Gonçalo do Amarante - CE,2020,48869
2312403,São Gonçalo do Amarante - CE,2021,49306
2312403,São Gonçalo do Amarante - CE,2024,57499
2312502,São João do Jaguaribe - CE,2014,7774
2312502,São João do Jaguaribe - CE,2015,7721
2312502,São João do Jaguaribe - CE,2016,7670
2312502,São João do Jaguaribe - CE,2017,7621
2312502,São João do Jaguaribe - CE,2018,7691
2312502,São João do Jaguaribe - CE,2019,7645
2312502,São João do Jaguaribe - CE,2020,7601
2312502,São João do Jaguaribe - CE,2021,7557
2312502,São João do Jaguaribe - CE,2024,5792
2312601,São Luís do Curu - CE,2014,12713
2312601,São Luís do Curu - CE,2015,12760
2312601,São Luís do Curu - CE,2016,12805
2312601,São Luís do Curu - CE,2017,12849
2312601,São Luís do Curu - CE,2018,12938
2312601,São Luís do Curu - CE,2019,13000
2312601,São Luís do Curu - CE,2020,13044
2312601,São Luís do Curu - CE,2021,13086
2312601,São Luís do Curu - CE,2024,10962
2312700,Senador Pompeu - CE,2014,26600
2312700,Senador Pompeu - CE,2015,26547
2312700,Senador Pompeu - CE,2016,26496
2312700,Senador Pompeu - CE,2017,26447
2312700,Senador Pompeu - CE,2018,26664
2312700,Senador Pompeu - CE,2019,25496
2312700,Senador Pompeu - CE,2020,25456
2312700,Senador Pompeu - CE,2021,25418
2312700,Senador Pompeu - CE,2024,25143
2312809,Senador Sá - CE,2014,7290
2312809,Senador Sá - CE,2015,7367
2312809,Senador Sá - CE,2016,7442
2312809,Senador Sá - CE,2017,7513
2312809,Senador Sá - CE,2018,7553
2312809,Senador Sá - CE,2019,7623
2312809,Senador Sá - CE,2020,7691
2312809,Senador Sá - CE,2021,7758
2312809,Senador Sá - CE,2024,7519
2312908,Sobral - CE,2014,199750
2312908,Sobral - CE,2015,201756
2312908,Sobral - CE,2016,203682
2312908,Sobral - CE,2017,205529
2312908,Sobral - CE,2018,206644
2312908,Sobral - CE,2019,208935
2312908,Sobral - CE,2020,210711
2312908,Sobral - CE,2021,212437
2312908,Sobral - CE,2024,215286
2313005,Solonópole - CE,2014,18060
2313005,Solonópole - CE,2015,18094
2313005,Solonópole - CE,2016,18127
2313005,Solonópole - CE,2017,18158
2313005,Solonópole - CE,2018,18291
2313005,Solonópole - CE,2019,18324
2313005,Solonópole - CE,2020,18357
2313005,Solonópole - CE,2021,18389
2313005,Solonópole - CE,2024,18736
2313104,Tabuleiro do Norte - CE,2014,30143
2313104,Tabuleiro do Norte - CE,2015,30263
2313104,Tabuleiro do Norte - CE,2016,30378
2313104,Tabuleiro do Norte - CE,2017,30489
2313104,Tabuleiro do Norte - CE,2018,30695
2313104,Tabuleiro do Norte - CE,2019,30697
2313104,Tabuleiro do Norte - CE,2020,30807
2313104,Tabuleiro do Norte - CE,2021,32079
2313104,Tabuleiro do Norte - CE,2024,32044
2313203,Tamboril - CE,2014,25635
2313203,Tamboril - CE,2015,25597
2313203,Tamboril - CE,2016,25560
2313203,Tamboril - CE,2017,25525
2313203,Tamboril - CE,2018,25731
2313203,Tamboril - CE,2019,26251
2313203,Tamboril - CE,2020,26225
2313203,Tamboril - CE,2021,26199
2313203,Tamboril - CE,2024,25331
2313252,Tarrafas - CE,2014,8923
2313252,Tarrafas - CE,2015,8899
2313252,Tarrafas - CE,2016,8875
2313252,Tarrafas - CE,2017,8852
2313252,Tarrafas - CE,2018,8926
2313252,Tarrafas - CE,2019,8592
2313252,Tarrafas - CE,2020,8573
2313252,Tarrafas - CE,2021,8555
2313252,Tarrafas - CE,2024,7626
2313302,Tauá - CE,2014,57478
2313302,Tauá - CE,2015,57701
2313302,Tauá - CE,2016,57914
2313302,Tauá - CE,2017,58119
2313302,Tauá - CE,2018,58517
2313302,Tauá - CE,2019,58859
2313302,Tauá - CE,2020,59062
2313302,Tauá - CE,2021,59259
2313302,Tauá - CE,2024,64255
2313351,Tejuçuoca - CE,2014,18301
2313351,Tejuçuoca - CE,2015,18510
2313351,Tejuçuoca - CE,2016,18709
2313351,Tejuçuoca - CE,2017,18902
2313351,Tejuçuoca - CE,2018,18998
2313351,Tejuçuoca - CE,2019,19187
2313351,Tejuçuoca - CE,2020,19371
2313351,Tejuçuoca - CE,2021,19551
2313351,Tejuçuoca - CE,2024,17626
2313401,Tianguá - CE,2014,72803
2313401,Tianguá - CE,2015,73468
2313401,Tianguá - CE,2016,74107
2313401,Tianguá - CE,2017,74719
2313401,Tianguá - CE,2018,75140
2313401,Tianguá - CE,2019,75946
2313401,Tianguá - CE,2020,76537
2313401,Tianguá - CE,2021,77111
2313401,Tianguá - CE,2024,86137
2313500,Trairi - CE,2014,53998
2313500,Trairi - CE,2015,54418
2313500,Trairi - CE,2016,54820
2313500,Trairi - CE,2017,55207
2313500,Trairi - CE,2018,55535
2313500,Trairi - CE,2019,55918
2313500,Trairi - CE,2020,56291
2313500,Trairi - CE,2021,56653
2313500,Trairi - CE,2024,61516
2313559,Tururu - CE,2014,15413
2313559,Tururu - CE,2015,15594
2313559,Tururu - CE,2016,15768
2313559,Tururu - CE,2017,15935
2313559,Tururu - CE,2018,16015
2313559,Tururu - CE,2019,16271
2313559,Tururu - CE,2020,16431
2313559,Tururu - CE,2021,16588
2313559,Tururu - CE,2024,15457
2313609,Ubajara - CE,2014,33505
2313609,Ubajara - CE,2015,33792
2313609,Ubajara - CE,2016,34068
2313609,Ubajara - CE,2017,34332
2313609,Ubajara - CE,2018,34530
2313609,Ubajara - CE,2019,34792
2313609,Ubajara - CE,2020,35047
2313609,Ubajara - CE,2021,35295
2313609,Ubajara - CE,2024,34312
2313708,Umari - CE,2014,7662
2313708,Umari - CE,2015,7665
2313708,Umari - CE,2016,7668
2313708,Umari - CE,2017,7671
2313708,Umari - CE,2018,7729
2313708,Umari - CE,2019,7733
2313708,Umari - CE,2020,7736
2313708,Umari - CE,2021,7740
2313708,Umari - CE,2024,6993
2313757,Umirim - CE,2014,19437
2313757,Umirim - CE,2015,19521
2313757,Umirim - CE,2016,19602
2313757,Umirim - CE,2017,19679
2313757,Umirim - CE,2018,19811
2313757,Umirim - CE,2019,19825
2313757,Umirim - CE,2020,19903
2313757,Umirim - CE,2021,19976
2313757,Umirim - CE,2024,17804
2313807,Uruburetama - CE,2014,20991
2313807,Uruburetama - CE,2015,21206
2313807,Uruburetama - CE,2016,21411
2313807,Uruburetama - CE,2017,21609
2313807,Uruburetama - CE,2018,21725
2313807,Uruburetama - CE,2019,21850
2313807,Uruburetama - CE,2020,22040
2313807,Uruburetama - CE,2021,22223
2313807,Uruburetama - CE,2024,21279
2313906,Uruoca - CE,2014,13435
2313906,Uruoca - CE,2015,13519
2313906,Uruoca - CE,2016,13600
2313906,Uruoca - CE,2017,13677
2313906,Uruoca - CE,2018,13763
2313906,Uruoca - CE,2019,13840
2313906,Uruoca - CE,2020,13915
2313906,Uruoca - CE,2021,13988
2313906,Uruoca - CE,2024,14243
2313955,Varjota - CE,2014,18081
2313955,Varjota - CE,2015,18136
2313955,Varjota - CE,2016,18188
2313955,Varjota - CE,2017,18239
2313955,Varjota - CE,2018,18368
2313955,Varjota - CE,2019,18420
2313955,Varjota - CE,2020,18471
2313955,Varjota - CE,2021,18520
2313955,Varjota - CE,2024,18660
2314003,Várzea Alegre - CE,2014,39861
2314003,Várzea Alegre - CE,2015,40062
2314003,Várzea Alegre - CE,2016,40255
2314003,Várzea Alegre - CE,2017,40440
2314003,Várzea Alegre - CE,2018,40704
2314003,Várzea Alegre - CE,2019,40721
2314003,Várzea Alegre - CE,2020,40903
2314003,Várzea Alegre - CE,2021,41078
2314003,Várzea Alegre - CE,2024,40771
2314102,Viçosa do Ceará - CE,2014,58332
2314102,Viçosa do Ceará - CE,2015,58922
2314102,Viçosa do Ceará - CE,2016,59487
2314102,Viçosa do Ceará - CE,2017,60030
2314102,Viçosa do Ceará - CE,2018,60355
2314102,Viçosa do Ceará - CE,2019,60889
2314102,Viçosa do Ceará - CE,2020,61410
2314102,Viçosa do Ceará - CE,2021,61916
2314102,Viçosa do Ceará - CE,2024,62609
