cod_ibge,municipio,0-14,15-59,60+,total,prop_jovens_pct,prop_idosos_pct,indice_envelhecimento
2300101,Abaiara - CE,2228.0,6255.0,1555.0,10038.0,22.19565650527994,15.491133691970512,69.7935368043088
2300150,Acarape - CE,3221.0,9146.0,1660.0,14027.0,22.96285734654595,11.834319526627219,51.53678981682708
2300200,Acaraú - CE,15057.0,42071.0,8136.0,65264.0,23.07091198823241,12.466290757538614,54.034668260609685
2300309,Acopiara - CE,8711.0,27396.0,8855.0,44962.0,19.37413816111383,19.69440861171656,101.65308230972335
2300408,Aiuaba - CE,2900.0,8625.0,2551.0,14076.0,20.602443876101166,18.123046319977266,87.9655172413793
2300507,Alcântaras - CE,2336.0,7273.0,1760.0,11369.0,20.54710176796552,15.480693112850735,75.34246575342466
2300606,Altaneira - CE,1445.0,4130.0,1207.0,6782.0,21.306399292244176,17.797109997051017,83.52941176470588
2300705,Alto Santo - CE,2870.0,8873.0,2412.0,14155.0,20.27552101730837,17.039915224302366,84.0418118466899
2300754,Amontada - CE,10825.0,25926.0,5405.0,42156.0,25.678432488850934,12.821425182654899,49.930715935334874
2300804,Antonina do Norte - CE,1466.0,4418.0,1361.0,7245.0,20.234644582470672,18.78536922015183,92.83765347885402
2300903,Apuiarés - CE,2604.0,8161.0,2163.0,12928.0,20.14232673267327,16.731126237623762,83.06451612903226
2301000,Aquiraz - CE,15951.0,53343.0,11351.0,80645.0,19.779279558559118,14.075268150536303,71.1616826531252
2301109,Aracati - CE,14924.0,49204.0,10985.0,75113.0,19.86873111179157,14.624632220787348,73.60627177700349
2301208,Aracoiaba - CE,5340.0,16045.0,4168.0,25553.0,20.897741948107853,16.31119633702501,78.05243445692884
2301257,Ararendá - CE,2294.0,6802.0,2000.0,11096.0,20.67411679884643,18.02451333813987,87.1839581517001
2301307,Araripe - CE,4667.0,12162.0,2954.0,19783.0,23.59096193701663,14.932012333821968,63.295478894364685
2301406,Aratuba - CE,2393.0,7092.0,1739.0,11224.0,21.32038488952245,15.493585174625801,72.67028834099457
2301505,Arneiroz - CE,1518.0,4475.0,1436.0,7429.0,20.43343653250774,19.329654058419706,94.59815546772069
2301604,Assaré - CE,4356.0,13316.0,4025.0,21697.0,20.076508273033138,18.550951744480805,92.40128558310377
2301703,Aurora - CE,4672.0,14788.0,4254.0,23714.0,19.701442186050432,17.938770346630683,91.05308219178082
2301802,Baixio - CE,1054.0,3571.0,1079.0,5704.0,18.478260869565215,18.916549789621318,102.3719165085389
2301851,Banabuiú - CE,3867.0,10749.0,2579.0,17195.0,22.489095667345158,14.998546088979353,66.69252650633565
2301901,Barbalha - CE,17247.0,48426.0,9360.0,75033.0,22.985886210067573,12.474511215065371,54.27030787963124
2301950,Barreira - CE,4872.0,14384.0,3136.0,22392.0,21.757770632368704,14.00500178635227,64.36781609195403
2302008,Barro - CE,3562.0,12074.0,3745.0,19381.0,18.378824622052527,19.323048346318558,105.13756316676024
2302057,Barroquinha - CE,3078.0,9430.0,2059.0,14567.0,21.129951259696576,14.134687993409761,66.89408706952567
2302107,Baturité - CE,7431.0,22801.0,4986.0,35218.0,21.10000567891419,14.157533079675167,67.09729511505854
2302206,Beberibe - CE,10523.0,33829.0,8762.0,53114.0,19.812102270587793,16.496592235568777,83.2652285469923
2302305,Bela Cruz - CE,7079.0,21035.0,4661.0,32775.0,21.598779557589626,14.221205186880246,65.84263314027406
2302404,Boa Viagem - CE,10456.0,30833.0,9122.0,50411.0,20.741504830294975,18.095256987562237,87.24177505738332
2302503,Brejo Santo - CE,9963.0,33693.0,7434.0,51090.0,19.50088079859072,14.55079271873165,74.61607949412827
2302602,Camocim - CE,13507.0,40867.0,7952.0,62326.0,21.671533549401534,12.75872027725187,58.87317687125194
2302701,Campos Sales - CE,5121.0,15663.0,4351.0,25135.0,20.373980505271533,17.31052317485578,84.96387424331185
2302800,Canindé - CE,16232.0,46536.0,11406.0,74174.0,21.883678917140777,15.377355946827729,70.26860522424839
2302909,Capistrano - CE,3781.0,10800.0,2673.0,17254.0,21.913759128318073,15.492059812217457,70.69558317905316
2303006,Caridade - CE,3802.0,10103.0,2472.0,16377.0,23.215485131586984,15.09433962264151,65.01841136244082
2303105,Cariré - CE,3552.0,10925.0,3155.0,17632.0,20.14519056261343,17.893602540834845,88.8231981981982
2303204,Caririaçu - CE,5929.0,16170.0,4221.0,26320.0,22.52659574468085,16.03723404255319,71.19244391971665
2303303,Cariús - CE,3203.0,10298.0,3514.0,17015.0,18.8245665589186,20.652365559800177,109.7096472057446
2303402,Carnaubal - CE,3921.0,10631.0,2658.0,17210.0,22.783265543288785,15.444509006391632,67.78882938026014
2303501,Cascavel - CE,14529.0,47484.0,10707.0,72720.0,19.97937293729373,14.723597359735974,73.69399132768945
2303600,Catarina - CE,2098.0,6091.0,2054.0,10243.0,20.48228058186078,20.052718930000974,97.9027645376549
2303659,Catunda - CE,2096.0,6499.0,1849.0,10444.0,20.06893910379165,17.703944848716965,88.21564885496184
2303709,Caucaia - CE,77926.0,238133.0,39620.0,355679.0,21.90908094096081,11.139257589005817,50.84310756358597
2303808,Cedro - CE,4120.0,13599.0,4625.0,22344.0,18.438954529180094,20.699069101324742,112.25728155339804
2303907,Chaval - CE,2810.0,7852.0,1800.0,12462.0,22.548547584657356,14.443909484833895,64.05693950177937
2303931,Choró - CE,2762.0,7360.0,1991.0,12113.0,22.801948319986792,16.4368859902584,72.0854453294714
2303956,Chorozinho - CE,4235.0,13197.0,2731.0,20163.0,21.003818876159304,13.544611416951843,64.48642266824085
2304004,Coreaú - CE,4630.0,13331.0,2992.0,20953.0,22.097074404619864,14.279578103374218,64.622030237581
2304103,Crateús - CE,15001.0,47947.0,13442.0,76390.0,19.637387092551382,17.59654405026836,89.60735950936605
2304202,Crato - CE,27635.0,84203.0,19212.0,131050.0,21.087371232354062,14.660053414727203,69.5205355527411
2304236,Croatá - CE,3700.0,10846.0,2935.0,17481.0,21.165837194668498,16.789657342257307,79.32432432432432
2304251,Cruz - CE,6622.0,19298.0,3841.0,29761.0,22.25059641813111,12.90615234703135,58.003624282694055
2304269,Deputado Irapuan Pinheiro - CE,1632.0,5486.0,1814.0,8932.0,18.27138378862517,20.309001343484102,111.15196078431373
2304277,Ereré - CE,1295.0,3995.0,1184.0,6474.0,20.003089280197713,18.28853877046648,91.42857142857143
2304285,Eusébio - CE,16518.0,51186.0,6466.0,74170.0,22.270459754617768,8.717810435486046,39.14517496064899
2304301,Farias Brito - CE,3679.0,11126.0,3412.0,18217.0,20.19542185870341,18.729757918427843,92.74259309594999
2304350,Forquilha - CE,5048.0,15737.0,3388.0,24173.0,20.882803127456253,14.01563728126422,67.11568938193344
2304400,Fortaleza - CE,448740.0,1613992.0,365976.0,2428708.0,18.476490380893875,15.068752604265311,81.55635780184517
2304459,Fortim - CE,3333.0,11347.0,2614.0,17294.0,19.272580085578813,15.115068809991905,78.42784278427843
2304509,Frecheirinha - CE,3608.0,10061.0,1988.0,15657.0,23.044005875966022,12.697196142300568,55.09977827050998
2304608,General Sampaio - CE,1576.0,4170.0,988.0,6734.0,23.403623403623403,14.671814671814673,62.69035532994924
2304657,Graça - CE,2994.0,8493.0,2314.0,13801.0,21.694080139120352,16.76690094920658,77.2879091516366
2304707,Granja - CE,12021.0,34253.0,7070.0,53344.0,22.534868026394722,13.253599280143971,58.81374261708676
2304806,Granjeiro - CE,1016.0,3007.0,818.0,4841.0,20.98739929766577,16.897335261309646,80.51181102362204
2304905,Groaíras - CE,2070.0,7020.0,1820.0,10910.0,18.973418881759855,16.681943171402384,87.92270531400966
2304954,Guaiúba - CE,5411.0,15821.0,3093.0,24325.0,22.244604316546763,12.715313463514901,57.161338015154314
2305001,Guaraciaba do Norte - CE,9571.0,25953.0,6529.0,42053.0,22.759375074310988,15.525646208356122,68.21648730540173
2305100,Guaramiranga - CE,1069.0,3732.0,853.0,5654.0,18.906968517863458,15.086664308454193,79.79420018709074
2305209,Hidrolândia - CE,3717.0,10793.0,3345.0,17855.0,20.817698123774854,18.734248109773173,89.99192897497981
2305233,Horizonte - CE,16907.0,50154.0,7694.0,74755.0,22.616547388134574,10.292288141261455,45.507777843496775
2305266,Ibaretama - CE,2642.0,7319.0,1995.0,11956.0,22.097691535630645,16.686182669789225,75.51097653292959
2305308,Ibiapina - CE,5523.0,14584.0,3858.0,23965.0,23.046108908825367,16.09847694554559,69.85334057577404
2305332,Ibicuitinga - CE,2295.0,7441.0,1875.0,11611.0,19.765739385065885,16.14847988975971,81.69934640522875
2305357,Icapuí - CE,4354.0,14019.0,3060.0,21433.0,20.314468343209068,14.277049409788646,70.28020211299955
2305407,Icó - CE,12699.0,39129.0,10814.0,62642.0,20.272341240701127,17.263178059448933,85.15631152059217
2305506,Iguatu - CE,19315.0,62336.0,16413.0,98064.0,19.696320770109317,16.737028879099363,84.97540771421174
2305605,Independência - CE,4388.0,14850.0,4786.0,24024.0,18.265068265068265,19.92174492174492,109.07019143117593
2305654,Ipaporanga - CE,2324.0,6969.0,2282.0,11575.0,20.077753779697623,19.714902807775378,98.19277108433735
2305704,Ipaumirim - CE,2620.0,7322.0,2141.0,12083.0,21.683356782256062,17.71910949267566,81.7175572519084
2305803,Ipu - CE,8825.0,25264.0,6992.0,41081.0,21.481950293322946,17.02003359217156,79.22946175637394
2305902,Ipueiras - CE,7702.0,22268.0,6828.0,36798.0,20.93048535246481,18.555356269362466,88.65229810438848
2306009,Iracema - CE,2751.0,8630.0,2620.0,14001.0,19.648596528819372,18.712949075066064,95.23809523809523
2306108,Irauçuba - CE,5754.0,15102.0,3059.0,23915.0,24.060213255279113,12.791135270750576,53.16301703163017
2306207,Itaiçaba - CE,1419.0,4754.0,1363.0,7536.0,18.829617834394906,18.08651804670913,96.05355884425651
2306256,Itaitinga - CE,12370.0,47252.0,5028.0,64650.0,19.133797370456303,7.777262180974478,40.646725949878736
2306306,Itapajé - CE,10105.0,30250.0,6071.0,46426.0,21.765820876233143,13.076724249343041,60.07916872835231
2306405,Itapipoca - CE,30520.0,84199.0,16404.0,131123.0,23.275855494459403,12.510391006917168,53.74836173001311
2306504,Itapiúna - CE,3891.0,11116.0,2834.0,17841.0,21.809315621321677,15.884759822879884,72.83474685170907
2306553,Itarema - CE,10352.0,27837.0,4768.0,42957.0,24.098517121772936,11.099471564587844,46.05873261205564
2306603,Itatira - CE,4551.0,12698.0,3175.0,20424.0,22.282608695652172,15.545436741088913,69.76488683805758
2306702,Jaguaretama - CE,3423.0,10528.0,3281.0,17232.0,19.864206128133706,19.04015784586815,95.85159217061057
2306801,Jaguaribara - CE,2155.0,6443.0,1758.0,10356.0,20.80919273850908,16.975666280417148,81.57772621809744
2306900,Jaguaribe - CE,6503.0,20978.0,6245.0,33726.0,19.2818596928186,18.516871256597284,96.0326003383054
2307007,Jaguaruana - CE,6061.0,20778.0,4862.0,31701.0,19.119270685467335,15.33705561338759,80.21778584392014
2307106,Jardim - CE,6234.0,16917.0,4260.0,27411.0,22.74269453868885,15.541206085148298,68.33493743984602
2307205,Jati - CE,1729.0,4765.0,1367.0,7861.0,21.9946571682992,17.389645083322733,79.06304222093696
2307254,Jijoca de Jericoacoara - CE,5930.0,17299.0,2326.0,25555.0,23.20485227939738,9.101936998630405,39.22428330522766
2307304,Juazeiro do Norte - CE,61238.0,188999.0,35883.0,286120.0,21.40290787082343,12.541241437159234,58.595969822659136
2307403,Jucás - CE,5176.0,14316.0,4430.0,23922.0,21.636986874007192,18.51851851851852,85.58732612055641
2307502,Lavras da Mangabeira - CE,5922.0,19017.0,5863.0,30802.0,19.226024284137395,19.034478280631127,99.00371496116178
2307601,Limoeiro do Norte - CE,11350.0,38807.0,9403.0,59560.0,19.056413700470117,15.787441235728677,82.84581497797356
2307635,Madalena - CE,3636.0,10576.0,2684.0,16896.0,21.519886363636363,15.885416666666666,73.81738173817382
2307650,Maracanaú - CE,50416.0,156546.0,27547.0,234509.0,21.498535237453574,11.746670703469803,54.63940019041574
2307700,Maranguape - CE,21510.0,69531.0,14052.0,105093.0,20.467585852530615,13.371014244526277,65.32775453277544
2307809,Marco - CE,5749.0,17374.0,2676.0,25799.0,22.28380944997868,10.372495057947981,46.54722560445295
2307908,Martinópole - CE,2401.0,7046.0,1399.0,10846.0,22.137193435367877,12.898764521482576,58.267388588088295
2308005,Massapê - CE,8429.0,24514.0,4754.0,37697.0,22.35986948563546,12.611083110061807,56.400522007355555
2308104,Mauriti - CE,10118.0,28635.0,6808.0,45561.0,22.207589824630713,14.942604420447312,67.28602490610793
2308203,Meruoca - CE,3303.0,9541.0,2313.0,15157.0,21.79191132809923,15.260275780167579,70.02724795640327
2308302,Milagres - CE,5176.0,16353.0,4371.0,25900.0,19.984555984555985,16.876447876447877,84.44744976816074
2308351,Milhã - CE,2584.0,8943.0,2596.0,14123.0,18.29639594986901,18.381363732917936,100.46439628482973
2308377,Miraíma - CE,3328.0,8958.0,1910.0,14196.0,23.44322344322344,13.454494223724994,57.39182692307693
2308401,Missão Velha - CE,8568.0,22935.0,5319.0,36822.0,23.26869806094183,14.445168649177123,62.07983193277311
2308500,Mombaça - CE,7500.0,22993.0,7242.0,37735.0,19.875447197561947,19.191731813965816,96.56
2308609,Monsenhor Tabosa - CE,3464.0,10563.0,3122.0,17149.0,20.199428538107178,18.205143157035394,90.1270207852194
2308708,Morada Nova - CE,11219.0,39499.0,10725.0,61443.0,18.259199583353677,17.455202382696157,95.59675550405562
2308807,Moraújo - CE,1776.0,5331.0,1147.0,8254.0,21.516840319844924,13.896292706566513,64.58333333333334
2308906,Morrinhos - CE,5549.0,14294.0,2910.0,22753.0,24.387992792159277,12.789522260800773,52.44188142007569
2309003,Mucambo - CE,2805.0,8257.0,2604.0,13666.0,20.525391482511342,19.05458802868433,92.83422459893048
2309102,Mulungu - CE,2346.0,6549.0,1674.0,10569.0,22.19699120068124,15.838773772353107,71.35549872122762
2309201,Nova Olinda - CE,3728.0,9545.0,2126.0,15399.0,24.209364244431455,13.806091304630172,57.02789699570815
2309300,Nova Russas - CE,6118.0,18781.0,5800.0,30699.0,19.928987914915798,18.893123554513178,94.80222294867605
2309409,Novo Oriente - CE,5469.0,17198.0,4878.0,27545.0,19.85478308222908,17.709203122163732,89.19363686231486
2309458,Ocara - CE,4805.0,15607.0,4081.0,24493.0,19.6178499979586,16.661903400971706,84.93236212278876
2309508,Orós - CE,3734.0,11931.0,4010.0,19675.0,18.978398983481576,20.381194409148666,107.39153722549544
2309607,Pacajus - CE,14964.0,47599.0,8420.0,70983.0,21.08110392629221,11.861995125593452,56.268377439187375
2309706,Pacatuba - CE,18739.0,54251.0,8534.0,81524.0,22.985869191894412,10.46808301849762,45.54138427877688
2309805,Pacoti - CE,2480.0,6970.0,1736.0,11186.0,22.170570355801893,15.519399249061328,70.0
2309904,Pacujá - CE,1265.0,3798.0,1112.0,6175.0,20.48582995951417,18.008097165991902,87.90513833992095
2310001,Palhano - CE,1785.0,5882.0,1679.0,9346.0,19.099079820243954,17.964904772095014,94.06162464985994
2310100,Palmácia - CE,2102.0,6467.0,1673.0,10242.0,20.52333528607694,16.334700253856667,79.59086584205518
2310209,Paracuru - CE,8550.0,24997.0,5433.0,38980.0,21.93432529502309,13.937916880451514,63.5438596491228
2310258,Paraipaba - CE,7148.0,20713.0,4355.0,32216.0,22.187732803575862,13.518127638440527,60.92613318410744
2310308,Parambu - CE,6359.0,19427.0,5659.0,31445.0,20.222610907934488,17.9965018285896,88.99197987104891
2310407,Paramoti - CE,2075.0,6549.0,1760.0,10384.0,19.9826656394453,16.94915254237288,84.81927710843374
2310506,Pedra Branca - CE,7808.0,24937.0,7442.0,40187.0,19.429168636623785,18.518426356782044,95.3125
2310605,Penaforte - CE,2104.0,5622.0,1246.0,8972.0,23.45073562193491,13.88765046812305,59.22053231939164
2310704,Pentecoste - CE,8226.0,24115.0,5472.0,37813.0,21.754423082008834,14.471213603787058,66.52078774617067
2310803,Pereiro - CE,3085.0,9370.0,2819.0,15274.0,20.19772161843656,18.456200078564883,91.37763371150729
2310852,Pindoretama - CE,4927.0,15131.0,3333.0,23391.0,21.06365696207943,14.249070155187892,67.64765577430485
2310902,Piquet Carneiro - CE,2942.0,10433.0,3241.0,16616.0,17.70582571015888,19.505296100144438,110.16315431679129
2310951,Pires Ferreira - CE,2072.0,6765.0,1769.0,10606.0,19.53611163492363,16.67923816707524,85.37644787644788
2311009,Poranga - CE,2598.0,7397.0,2070.0,12065.0,21.533360961458765,17.157065893079153,79.67667436489607
2311108,Porteiras - CE,3754.0,10563.0,2733.0,17050.0,22.01759530791789,16.02932551319648,72.8023441662227
2311207,Potengi - CE,1948.0,5341.0,1544.0,8833.0,22.053662402354806,17.479904902071777,79.26078028747433
2311231,Potiretama - CE,1161.0,3830.0,983.0,5974.0,19.43421493136927,16.45463675929026,84.6683893195521
2311264,Quiterianópolis - CE,4036.0,12634.0,3543.0,20213.0,19.96734774649978,17.528323356255875,87.78493557978196
2311306,Quixadá - CE,18644.0,53246.0,12278.0,84168.0,22.15093622279251,14.587491683300065,65.85496674533363
2311355,Quixelô - CE,2939.0,9663.0,3308.0,15910.0,18.472658705216844,20.791954745443118,112.5552909152773
2311405,Quixeramobim - CE,17299.0,52338.0,12540.0,82177.0,21.050902320600652,15.259744210667217,72.48973929128852
2311504,Quixeré - CE,4201.0,13614.0,3059.0,20874.0,20.12551499473029,14.65459423205902,72.81599619138301
2311603,Redenção - CE,5835.0,17137.0,4242.0,27214.0,21.4411699860366,15.587565223781876,72.69922879177378
2311702,Reriutaba - CE,3998.0,11309.0,3299.0,18606.0,21.48769214231968,17.730839514135223,82.51625812906454
2311801,Russas - CE,14215.0,47935.0,10778.0,72928.0,19.49182755594559,14.778960070206232,75.82131551178333
2311900,Saboeiro - CE,2931.0,8258.0,2665.0,13854.0,21.15634473798181,19.236321639959577,90.92459911293074
2311959,Salitre - CE,4113.0,10397.0,2123.0,16633.0,24.72795045992906,12.763782841339506,51.61682470216387
2312007,Santana do Acaraú - CE,6610.0,19759.0,4259.0,30628.0,21.5815593574507,13.905576596578296,64.43267776096823
2312106,Santana do Cariri - CE,3900.0,10413.0,2641.0,16954.0,23.003421021587826,15.577444850772679,67.71794871794872
2312205,Santa Quitéria - CE,8082.0,25192.0,6909.0,40183.0,20.112983102306945,17.19383819027947,85.48626577579806
2312304,São Benedito - CE,11290.0,29454.0,6896.0,47640.0,23.69857262804366,14.4752308984047,61.08060230292294
2312403,São Gonçalo do Amarante - CE,12318.0,35560.0,6265.0,54143.0,22.75086345418614,11.571209574644922,50.86052930670564
2312502,São João do Jaguaribe - CE,851.0,3542.0,1462.0,5855.0,14.53458582408198,24.97011101622545,171.7978848413631
2312601,São Luís do Curu - CE,2280.0,6734.0,1808.0,10822.0,21.068194418776567,16.706708556643875,79.2982456140351
2312700,Senador Pompeu - CE,4666.0,14957.0,4643.0,24266.0,19.228550234896563,19.133767411192615,99.50707243891983
2312809,Senador Sá - CE,1654.0,4568.0,1040.0,7262.0,22.77609473974112,14.321123657394658,62.87787182587666
2312908,Sobral - CE,41719.0,137083.0,24221.0,203023.0,20.54890332622412,11.930175398846437,58.057479805364466
2313005,Solonópole - CE,3250.0,11405.0,3524.0,18179.0,17.87777105451345,19.385004675724737,108.43076923076924
2313104,Tabuleiro do Norte - CE,5661.0,19710.0,5281.0,30652.0,18.468615424768366,17.228892078820305,93.28740505211094
2313203,Tamboril - CE,4907.0,15253.0,4655.0,24815.0,19.774330042313117,18.758815232722146,94.8644793152639
2313252,Tarrafas - CE,1481.0,4546.0,1502.0,7529.0,19.670606986319562,19.949528489839288,101.4179608372721
2313302,Tauá - CE,11957.0,38090.0,11180.0,61227.0,19.528965979061525,18.259918010028255,93.50171447687548
2313351,Tejuçuoca - CE,4056.0,10776.0,2322.0,17154.0,23.644630989856594,13.53620146904512,57.24852071005917
2313401,Tianguá - CE,19278.0,52876.0,9352.0,81506.0,23.652246460383285,11.474001913969524,48.51125635439361
2313500,Trairi - CE,13986.0,36691.0,7738.0,58415.0,23.942480527261832,13.246597620474192,55.326755326755325
2313559,Tururu - CE,3505.0,9745.0,2162.0,15412.0,22.74201920581365,14.028030106410588,61.68330955777461
2313609,Ubajara - CE,7675.0,20472.0,4620.0,32767.0,23.422956022827847,14.099551377910702,60.19543973941368
2313708,Umari - CE,1260.0,4263.0,1348.0,6871.0,18.337942075389318,19.618687236210157,106.98412698412699
2313757,Umirim - CE,4189.0,10930.0,2351.0,17470.0,23.978248425872923,13.457355466514024,56.12317975650514
2313807,Uruburetama - CE,4753.0,12960.0,2476.0,20189.0,23.542523156174155,12.264104215166675,52.093414685461816
2313906,Uruoca - CE,3044.0,8869.0,1833.0,13746.0,22.144623890586352,13.334788302051507,60.21681997371879
2313955,Varjota - CE,4003.0,11229.0,2873.0,18105.0,22.109914388290527,15.868544600938966,71.77117162128404
2314003,Várzea Alegre - CE,7390.0,24260.0,7334.0,38984.0,18.956494972296326,18.812846295916273,99.24221921515561
2314102,Viçosa do Ceará - CE,14188.0,37793.0,7731.0,59712.0,23.760718113612004,12.947146302250804,54.48970961375811
